element_type,event_points,first_name,second_name,form,points_per_game,selected_by_percent,status,team,total_points,goals_scored,assists,yellow_cards,bps,now_cost,minutes,clean_sheets,position,G+A,price,price_range,ownership
1,0,Aaron,Ramsdale,0.0,3.4,6.4,a,ARS,17,0,0,0,77,46,450,2,Goalkeeper,0,4.6,Budget,Differential
1,0,Rúnar Alex,Rúnarsson,0.0,0.0,0.1,u,ARS,0,0,0,0,0,40,0,0,Goalkeeper,0,4.0,Budget,Differential
1,0,David,Raya Martin,2.2,3.7,5.7,a,ARS,48,0,0,0,216,49,1170,5,Goalkeeper,0,4.9,Budget,Differential
1,0,Karl,Hein,0.0,0.0,0.1,a,ARS,0,0,0,0,0,40,0,0,Goalkeeper,0,4.0,Budget,Differential
1,2,Emiliano,Martínez Romero,4.3,3.3,11.7,a,AVL,60,0,0,3,332,52,1620,4,Goalkeeper,0,5.2,Mid,Differential
1,0,Robin,Olsen,0.0,2.0,0.7,a,AVL,2,0,0,0,12,39,90,0,Goalkeeper,0,3.9,,Differential
1,0,Viljami,Sinisalo,0.0,0.0,0.0,u,AVL,0,0,0,0,0,40,0,0,Goalkeeper,0,4.0,Budget,Differential
1,0,Filip,Marschall,0.0,0.0,0.0,a,AVL,0,0,0,0,0,40,0,0,Goalkeeper,0,4.0,Budget,Differential
1,0,Oliwier,Zych,0.0,0.0,0.1,u,AVL,0,0,0,0,0,40,0,0,Goalkeeper,0,4.0,Budget,Differential
1,0,Sam,Proctor,0.0,0.0,0.0,a,AVL,0,0,0,0,0,40,0,0,Goalkeeper,0,4.0,Budget,Differential
1,9,Norberto,Murara Neto,5.2,4.2,3.4,a,BOU,67,0,0,3,324,46,1440,5,Goalkeeper,0,4.6,Budget,Differential
1,0,Darren,Randolph,0.0,0.0,0.4,a,BOU,0,0,0,0,0,40,0,0,Goalkeeper,0,4.0,Budget,Differential
1,0,Mark,Travers,0.0,0.0,0.1,a,BOU,0,0,0,0,0,40,0,0,Goalkeeper,0,4.0,Budget,Differential
1,0,Ionuț,Radu,0.0,1.0,0.1,a,BOU,2,0,0,0,31,44,180,0,Goalkeeper,0,4.4,Budget,Differential
1,0,Ellery,Balcombe,0.0,0.0,0.2,a,BRE,0,0,0,0,0,39,0,0,Goalkeeper,0,3.9,,Differential
1,0,Matthew,Cox,0.0,0.0,0.0,u,BRE,0,0,0,0,0,40,0,0,Goalkeeper,0,4.0,Budget,Differential
1,0,Mark,Flekken,1.8,2.9,2.9,a,BRE,46,0,0,1,269,45,1395,3,Goalkeeper,0,4.5,Budget,Differential
1,0,Thomas,Strakosha,0.0,2.0,2.1,a,BRE,4,0,0,0,24,39,135,0,Goalkeeper,0,3.9,,Differential
1,0,Vincent,Angelini,0.0,0.0,0.0,a,BRE,0,0,0,0,0,40,0,0,Goalkeeper,0,4.0,Budget,Differential
1,0,Tom,McGill,0.0,0.0,0.3,a,BHA,0,0,0,0,0,39,0,0,Goalkeeper,0,3.9,,Differential
1,0,Kjell,Scherpen,0.0,0.0,0.0,u,BHA,0,0,0,0,0,40,0,0,Goalkeeper,0,4.0,Budget,Differential
1,0,Jason,Steele,0.5,2.0,2.0,a,BHA,18,0,0,0,143,42,810,0,Goalkeeper,0,4.2,Budget,Differential
1,0,Bart,Verbruggen,1.2,2.2,0.4,a,BHA,20,0,0,1,157,44,810,0,Goalkeeper,0,4.4,Budget,Differential
1,0,Denis,Franchi,0.0,0.0,0.2,a,BUR,0,0,0,0,0,39,0,0,Goalkeeper,0,3.9,,Differential
1,0,Arijanet,Muric,0.0,0.0,0.1,a,BUR,0,0,0,0,0,43,0,0,Goalkeeper,0,4.3,Budget,Differential
1,0,Bailey,Peacock-Farrell,0.0,0.0,0.0,u,BUR,0,0,0,0,0,40,0,0,Goalkeeper,0,4.0,Budget,Differential
1,0,Lawrence,Vigouroux,0.0,0.0,0.3,a,BUR,0,0,0,0,0,39,0,0,Goalkeeper,0,3.9,,Differential
1,3,James,Trafford,5.2,2.9,1.0,a,BUR,55,0,0,1,391,45,1710,2,Goalkeeper,0,4.5,Budget,Differential
1,0,Robert,Sánchez,2.7,3.7,4.7,i,CHE,59,0,0,2,317,46,1433,3,Goalkeeper,0,4.6,Budget,Differential
1,0,Kepa,Arrizabalaga,0.0,0.0,0.2,u,CHE,0,0,0,0,0,50,0,0,Goalkeeper,0,5.0,Mid,Differential
1,0,Marcus,Bettinelli,-0.2,0.0,0.0,a,CHE,-1,0,0,1,-3,40,0,0,Goalkeeper,0,4.0,Budget,Differential
1,0,Gabriel,Słonina,0.0,0.0,0.0,u,CHE,0,0,0,0,0,40,0,0,Goalkeeper,0,4.0,Budget,Differential
1,0,Lucas,Bergström,0.0,0.0,0.0,a,CHE,0,0,0,0,0,40,0,0,Goalkeeper,0,4.0,Budget,Differential
1,0,Eddie,Beach,0.0,0.0,0.0,a,CHE,0,0,0,0,0,40,0,0,Goalkeeper,0,4.0,Budget,Differential
1,0,Djordje,Petrovic,1.5,3.0,0.8,a,CHE,9,0,0,0,39,45,186,1,Goalkeeper,0,4.5,Budget,Differential
1,0,Vicente,Guaita,0.0,0.0,0.2,u,CRY,0,0,0,0,0,44,0,0,Goalkeeper,0,4.4,Budget,Differential
1,0,Sam,Johnstone,0.8,3.5,3.2,d,CRY,56,0,0,0,254,45,1436,5,Goalkeeper,0,4.5,Budget,Differential
1,0,Remi,Matthews,0.2,1.0,0.1,a,CRY,1,0,0,0,3,39,3,0,Goalkeeper,0,3.9,,Differential
1,0,Joe,Whitworth,0.0,0.0,1.0,a,CRY,0,0,0,0,0,39,0,0,Goalkeeper,0,3.9,,Differential
1,0,Dean,Henderson,0.8,2.5,0.3,a,CRY,5,0,0,1,39,44,180,0,Goalkeeper,0,4.4,Budget,Differential
1,0,Jordan,Pickford,5.3,3.6,9.1,a,EVE,64,0,0,2,314,44,1620,6,Goalkeeper,0,4.4,Budget,Differential
1,0,João,Neves Virgínia,0.0,0.0,0.6,a,EVE,0,0,0,0,0,39,0,0,Goalkeeper,0,3.9,,Differential
1,0,Andy,Lonergan,0.0,0.0,0.1,a,EVE,0,0,0,0,0,39,0,0,Goalkeeper,0,3.9,,Differential
1,0,Bernd,Leno,3.1,3.7,17.3,a,FUL,70,0,0,1,409,48,1710,5,Goalkeeper,0,4.8,Budget,High
1,0,Marek,Rodák,0.0,0.0,0.4,a,FUL,-1,0,0,1,-3,39,0,0,Goalkeeper,0,3.9,,Differential
1,0,Steven,Benda,0.0,0.0,0.0,a,FUL,0,0,0,0,0,40,0,0,Goalkeeper,0,4.0,Budget,Differential
1,0,Adrián,San Miguel del Castillo,0.0,0.0,0.3,a,LIV,0,0,0,0,0,39,0,0,Goalkeeper,0,3.9,,Differential
1,6,Alisson,Ramses Becker,2.8,4.5,11.3,a,LIV,76,0,0,1,370,56,1530,6,Goalkeeper,0,5.6,Mid,Differential
1,0,Caoimhin,Kelleher,1.2,3.5,1.4,a,LIV,7,0,0,0,41,38,180,1,Goalkeeper,0,3.8,,Differential
1,0,Marcelo,de Araújo Pitaluga Filho,0.0,0.0,0.0,a,LIV,0,0,0,0,0,40,0,0,Goalkeeper,0,4.0,Budget,Differential
1,0,Matt,Macey,0.0,0.0,0.2,u,LUT,0,0,0,0,0,40,0,0,Goalkeeper,0,4.0,Budget,Differential
1,0,James,Shea,0.0,0.0,0.1,a,LUT,0,0,0,0,0,43,0,0,Goalkeeper,0,4.3,Budget,Differential
1,0,Jack,Walton,0.0,0.0,0.0,u,LUT,0,0,0,0,0,40,0,0,Goalkeeper,0,4.0,Budget,Differential
1,1,Thomas,Kaminski,2.2,2.3,0.3,a,LUT,41,0,0,3,289,45,1620,1,Goalkeeper,0,4.5,Budget,Differential
1,0,Tim,Krul,0.0,0.0,0.0,a,LUT,0,0,0,0,0,44,0,0,Goalkeeper,0,4.4,Budget,Differential
1,0,Scott,Carson,0.0,0.0,0.1,a,MCI,0,0,0,0,0,39,0,0,Goalkeeper,0,3.9,,Differential
1,0,Ederson,Santana de Moraes,1.4,2.9,16.1,a,MCI,46,0,0,3,261,55,1440,4,Goalkeeper,0,5.5,Mid,High
1,0,Stefan,Ortega Moreno,0.0,2.0,0.8,a,MCI,2,0,0,0,12,38,90,0,Goalkeeper,0,3.8,,Differential
1,0,Zack,Steffen,0.0,0.0,0.2,a,MCI,0,0,0,0,0,39,0,0,Goalkeeper,0,3.9,,Differential
1,0,Tom,Heaton,0.0,0.0,0.1,a,MUN,0,0,0,0,0,40,0,0,Goalkeeper,0,4.0,Budget,Differential
1,1,André,Onana,3.2,3.7,14.6,a,MUN,71,0,0,3,376,48,1710,6,Goalkeeper,0,4.8,Budget,Differential
1,0,Radek,Vítek,0.0,0.0,0.0,a,MUN,0,0,0,0,0,40,0,0,Goalkeeper,0,4.0,Budget,Differential
1,0,Altay,Bayindir,0.0,0.0,0.0,a,MUN,0,0,0,0,0,40,0,0,Goalkeeper,0,4.0,Budget,Differential
1,0,Karl,Darlow,0.0,0.0,0.0,u,NEW,0,0,0,0,0,40,0,0,Goalkeeper,0,4.0,Budget,Differential
1,2,Martin,Dubravka,2.8,2.8,8.4,a,NEW,17,0,0,0,103,42,454,1,Goalkeeper,0,4.2,Budget,Differential
1,0,Mark,Gillespie,0.0,0.0,0.1,a,NEW,0,0,0,0,0,39,0,0,Goalkeeper,0,3.9,,Differential
1,0,Nick,Pope,1.0,4.0,6.2,i,NEW,56,0,0,0,268,54,1255,6,Goalkeeper,0,5.4,Mid,Differential
1,0,Loris,Karius,0.0,0.0,0.3,a,NEW,0,0,0,0,0,39,0,0,Goalkeeper,0,3.9,,Differential
1,3,Matt,Turner,1.7,2.6,12.4,a,NFO,37,0,0,1,243,39,1260,2,Goalkeeper,0,3.9,,Differential
1,0,Wayne,Hennessey,0.0,0.0,0.2,a,NFO,0,0,0,0,0,40,0,0,Goalkeeper,0,4.0,Budget,Differential
1,0,Ethan,Horvath,0.0,0.0,0.1,a,NFO,0,0,0,0,0,43,0,0,Goalkeeper,0,4.3,Budget,Differential
1,0,George,Shelvey,0.0,0.0,0.0,a,NFO,0,0,0,0,0,40,0,0,Goalkeeper,0,4.0,Budget,Differential
1,0,Odysseas,Vlachodimos,0.3,2.4,0.1,a,NFO,12,0,0,0,79,45,450,1,Goalkeeper,0,4.5,Budget,Differential
1,0,Jordan,Amissah,0.0,0.0,0.4,a,SHU,0,0,0,0,0,39,0,0,Goalkeeper,0,3.9,,Differential
1,0,Adam,Davies,0.0,0.0,0.2,a,SHU,0,0,0,0,0,40,0,0,Goalkeeper,0,4.0,Budget,Differential
1,2,Wes,Foderingham,3.2,2.5,0.4,a,SHU,48,0,0,2,337,45,1710,1,Goalkeeper,0,4.5,Budget,Differential
1,0,Brandon,Austin,0.0,0.0,0.2,a,TOT,0,0,0,0,0,39,0,0,Goalkeeper,0,3.9,,Differential
1,0,Fraser,Forster,0.0,0.0,2.0,a,TOT,0,0,0,0,0,39,0,0,Goalkeeper,0,3.9,,Differential
1,0,Hugo,Lloris,0.0,0.0,0.6,a,TOT,0,0,0,0,0,48,0,0,Goalkeeper,0,4.8,Budget,Differential
1,0,Guglielmo,Vicario,2.8,3.7,8.9,a,TOT,66,0,0,2,363,53,1620,5,Goalkeeper,0,5.3,Mid,Differential
1,0,Alfie,Whiteman,0.0,0.0,0.2,i,TOT,0,0,0,0,0,39,0,0,Goalkeeper,0,3.9,,Differential
1,0,Alphonse,Areola,1.7,3.5,32.7,a,WHU,53,0,0,0,269,42,1350,2,Goalkeeper,0,4.2,Budget,High
1,0,Lukasz,Fabianski,2.0,4.0,1.4,a,WHU,12,0,0,0,63,42,270,1,Goalkeeper,0,4.2,Budget,Differential
1,0,Joseph,Anang,0.0,0.0,0.1,a,WHU,0,0,0,0,0,40,0,0,Goalkeeper,0,4.0,Budget,Differential
1,0,Daniel,Bentley,2.3,5.3,1.3,a,WOL,16,0,0,0,60,39,247,2,Goalkeeper,0,3.9,,Differential
1,0,Tom,King,0.0,0.0,0.7,a,WOL,0,0,0,0,0,39,0,0,Goalkeeper,0,3.9,,Differential
1,0,José,Malheiro de Sá,1.0,2.7,1.3,a,WOL,43,0,0,1,251,50,1372,1,Goalkeeper,0,5.0,Mid,Differential
1,0,Matija,Šarkić,0.0,0.0,0.3,u,WOL,0,0,0,0,0,40,0,0,Goalkeeper,0,4.0,Budget,Differential
2,0,Cédric,Alves Soares,0.0,0.0,0.4,a,ARS,0,0,0,0,0,39,0,0,Defender,0,3.9,,Differential
2,0,Gabriel,dos Santos Magalhães,3.5,3.5,16.9,a,ARS,56,1,0,1,259,50,1284,5,Defender,1,5.0,Mid,High
2,0,Jakub,Kiwior,0.5,1.7,0.1,a,ARS,12,0,0,0,58,43,247,1,Defender,0,4.3,Budget,Differential
2,0,William,Saliba,2.2,4.1,36.3,a,ARS,74,1,1,1,349,56,1620,7,Defender,2,5.6,Mid,High
2,0,Kieran,Tierney,0.0,0.0,0.1,u,ARS,0,0,0,0,0,44,0,0,Defender,0,4.4,Budget,Differential
2,0,Takehiro,Tomiyasu,1.8,3.2,0.3,i,ARS,38,1,1,0,134,45,583,3,Defender,2,4.5,Budget,Differential
2,0,Benjamin,White,2.2,3.9,11.1,a,ARS,67,1,2,4,314,56,1319,6,Defender,3,5.6,Mid,Differential
2,0,Oleksandr,Zinchenko,2.8,4.1,13.7,a,ARS,70,1,1,2,307,52,1139,6,Defender,2,5.2,Mid,Differential
2,0,Jurriën,Timber,0.0,0.0,0.4,i,ARS,0,0,0,1,3,46,49,0,Defender,0,4.6,Budget,Differential
2,0,Reuell,Walters,0.0,0.0,0.0,a,ARS,0,0,0,0,0,40,0,0,Defender,0,4.0,Budget,Differential
2,0,Alexandre,Moreno Lopera,2.3,2.3,0.7,a,AVL,14,1,0,0,39,50,175,0,Defender,1,5.0,Mid,Differential
2,0,Matty,Cash,0.8,2.9,18.6,a,AVL,50,2,1,5,231,47,1262,3,Defender,3,4.7,Budget,High
2,0,Calum,Chambers,0.0,0.0,1.0,a,AVL,0,0,0,0,0,39,0,0,Defender,0,3.9,,Differential
2,0,Diego Carlos,Santos Silva,2.5,1.9,0.7,a,AVL,25,0,0,2,151,44,813,2,Defender,0,4.4,Budget,Differential
2,1,Lucas,Digne,3.2,3.1,5.9,a,AVL,56,0,3,5,283,47,1521,5,Defender,3,4.7,Budget,Differential
2,0,Kortney,Hause,0.0,0.0,0.2,a,AVL,0,0,0,0,0,39,0,0,Defender,0,3.9,,Differential
2,0,Ezri,Konsa Ngoyo,3.0,2.7,3.0,a,AVL,51,0,1,4,311,46,1668,4,Defender,1,4.6,Budget,Differential
2,0,Tyrone,Mings,0.0,0.0,1.2,i,AVL,0,0,0,0,5,41,30,0,Defender,0,4.1,Budget,Differential
2,0,Pau,Torres,2.3,3.5,5.5,a,AVL,60,2,0,1,301,47,1489,4,Defender,2,4.7,Budget,Differential
2,4,Clément,Lenglet,1.0,3.0,0.1,a,AVL,6,0,1,0,40,45,180,0,Defender,1,4.5,Budget,Differential
2,0,Ryan,Fredericks,0.0,0.0,0.0,i,BOU,0,0,0,0,0,43,0,0,Defender,0,4.3,Budget,Differential
2,0,James,Hill,0.0,1.0,0.1,u,BOU,1,0,0,0,1,40,15,0,Defender,0,4.0,Budget,Differential
2,0,Lloyd,Kelly,0.0,2.2,0.0,i,BOU,20,0,0,1,137,45,681,2,Defender,0,4.5,Budget,Differential
2,0,Chris,Mepham,0.2,0.8,0.1,a,BOU,4,0,0,1,25,43,175,0,Defender,0,4.3,Budget,Differential
2,6,Marcos,Senesi,8.0,3.5,5.1,a,BOU,56,2,2,4,250,45,1115,4,Defender,4,4.5,Budget,Differential
2,6,Adam,Smith,4.6,3.2,0.1,a,BOU,32,0,2,0,149,44,659,3,Defender,2,4.4,Budget,Differential
2,7,Illia,Zabarnyi,4.0,2.3,0.2,a,BOU,41,0,0,3,293,44,1620,5,Defender,0,4.4,Budget,Differential
2,0,Milos,Kerkez,3.4,2.1,0.3,i,BOU,31,0,1,2,159,44,1160,3,Defender,1,4.4,Budget,Differential
2,0,Ben,Greenwood,0.0,0.0,0.2,a,BOU,0,0,0,0,0,40,0,0,Defender,0,4.0,Budget,Differential
2,0,Max,Aarons,0.0,1.9,0.1,a,BOU,23,0,1,1,161,44,949,2,Defender,1,4.4,Budget,Differential
2,0,Kristoffer,Ajer,0.0,2.0,0.2,i,BRE,22,0,1,4,117,45,723,2,Defender,1,4.5,Budget,Differential
2,0,Mads,Bech Sørensen,0.0,0.0,0.1,u,BRE,0,0,0,0,0,40,0,0,Defender,0,4.0,Budget,Differential
2,0,Nathan,Collins,0.0,3.1,0.4,a,BRE,40,1,1,2,221,45,1013,3,Defender,2,4.5,Budget,Differential
2,0,Charlie,Goode,0.0,0.0,0.2,a,BRE,0,0,0,0,0,39,0,0,Defender,0,3.9,,Differential
2,0,Rico,Henry,0.0,2.6,0.9,i,BRE,13,0,1,1,74,43,401,1,Defender,1,4.3,Budget,Differential
2,0,Aaron,Hickey,0.0,1.9,0.2,i,BRE,17,0,0,5,87,44,713,2,Defender,0,4.4,Budget,Differential
2,0,Ben,Mee,3.0,2.4,1.6,s,BRE,22,1,1,0,116,48,672,0,Defender,2,4.8,Budget,Differential
2,0,Ethan,Pinnock,1.2,2.9,4.0,a,BRE,49,1,0,0,311,46,1530,3,Defender,1,4.6,Budget,Differential
2,0,Mads,Roerslev Rasmussen,0.6,1.5,0.1,a,BRE,19,0,0,0,106,44,600,1,Defender,0,4.4,Budget,Differential
2,0,Mathias,Jorgensen,0.2,1.0,0.1,a,BRE,3,0,0,0,20,43,97,0,Defender,0,4.3,Budget,Differential
2,0,Ji-Soo,Kim,0.0,0.0,0.0,a,BRE,0,0,0,0,0,40,0,0,Defender,0,4.0,Budget,Differential
2,0,Valintino,Adedokun,0.0,0.0,0.0,a,BRE,0,0,0,0,0,40,0,0,Defender,0,4.0,Budget,Differential
2,0,Lewis,Dunk,0.8,1.5,3.0,a,BHA,23,1,0,3,209,50,1326,0,Defender,1,5.0,Mid,Differential
2,0,Pervis,Estupiñán,0.0,4.2,13.4,d,BHA,25,1,3,2,112,49,495,0,Defender,4,4.9,Budget,Differential
2,0,Michał,Karbownik,0.0,0.0,0.0,u,BHA,0,0,0,0,0,40,0,0,Defender,0,4.0,Budget,Differential
2,0,Tariq,Lamptey,0.0,1.8,4.6,i,BHA,9,0,2,2,48,39,171,0,Defender,2,3.9,,Differential
2,0,Jan Paul,van Hecke,1.2,1.5,2.0,a,BHA,20,0,0,2,177,40,1018,0,Defender,0,4.0,Budget,Differential
2,0,Joël,Veltman,0.5,1.2,0.6,i,BHA,20,0,1,1,157,44,908,0,Defender,1,4.4,Budget,Differential
2,0,Adam,Webster,0.0,0.8,0.2,i,BHA,5,0,0,1,89,42,540,0,Defender,0,4.2,Budget,Differential
2,0,Igor Julio,dos Santos de Paulo,0.8,1.2,0.1,a,BHA,12,0,0,3,121,43,657,0,Defender,0,4.3,Budget,Differential
2,0,Ben,Jackson,0.0,0.0,0.0,a,BHA,0,0,0,0,0,40,0,0,Defender,0,4.0,Budget,Differential
2,0,Leigh,Kavanagh,0.0,0.0,0.0,a,BHA,0,0,0,0,0,40,0,0,Defender,0,4.0,Budget,Differential
2,0,Ameen,Al-Dakhil,0.2,0.9,0.6,a,BUR,10,0,0,1,99,39,875,0,Defender,0,3.9,,Differential
2,1,Jordan,Beyer,3.3,2.1,1.6,a,BUR,29,0,1,6,233,40,1218,2,Defender,1,4.0,Budget,Differential
2,0,CJ,Egan-Riley,0.0,0.0,0.2,a,BUR,0,0,0,0,0,39,0,0,Defender,0,3.9,,Differential
2,0,Hjalmar,Ekdal,0.5,1.0,0.1,d,BUR,3,0,0,1,20,39,105,0,Defender,0,3.9,,Differential
2,0,Luke,McNally,0.0,0.0,0.0,u,BUR,0,0,0,0,0,40,0,0,Defender,0,4.0,Budget,Differential
2,0,Dara,O'Shea,3.0,1.8,0.2,a,BUR,27,0,2,3,219,44,1297,2,Defender,2,4.4,Budget,Differential
2,0,Connor,Roberts,0.3,0.9,0.2,a,BUR,10,0,1,2,107,43,754,0,Defender,1,4.3,Budget,Differential
2,1,Charlie,Taylor,3.2,2.3,5.6,a,BUR,34,1,1,5,222,40,1350,2,Defender,2,4.0,Budget,Differential
2,0,Bobby,Thomas,0.0,0.0,0.0,u,BUR,0,0,0,0,0,40,0,0,Defender,0,4.0,Budget,Differential
2,1,Victor,da Silva,3.0,1.9,0.1,a,BUR,25,0,0,0,120,44,1045,2,Defender,0,4.4,Budget,Differential
2,0,Owen,Dodgson,0.0,0.0,0.0,u,BUR,0,0,0,0,0,40,0,0,Defender,0,4.0,Budget,Differential
2,0,Hannes,Delcroix,0.3,0.6,0.0,a,BUR,5,0,0,1,55,40,309,0,Defender,0,4.0,Budget,Differential
2,0,Ethan,Ampadu,0.0,0.0,0.0,u,CHE,0,0,0,0,0,40,0,0,Defender,0,4.0,Budget,Differential
2,0,César,Azpilicueta,0.0,0.0,0.0,u,CHE,0,0,0,0,0,45,0,0,Defender,0,4.5,Budget,Differential
2,0,Abdul Rahman,Baba,0.0,0.0,0.0,u,CHE,0,0,0,0,0,40,0,0,Defender,0,4.0,Budget,Differential
2,0,Benoît,Badiashile,2.5,3.0,0.2,a,CHE,15,0,1,1,88,44,370,1,Defender,1,4.4,Budget,Differential
2,0,Trevoh,Chalobah,0.0,0.0,0.0,i,CHE,0,0,0,0,0,43,0,0,Defender,0,4.3,Budget,Differential
2,0,Ben,Chilwell,0.0,2.5,4.9,i,CHE,15,0,1,3,66,54,334,1,Defender,1,5.4,Mid,Differential
2,0,Levi,Colwill,2.8,3.1,7.7,a,CHE,52,1,1,2,280,47,1360,4,Defender,2,4.7,Budget,Differential
2,0,Marc,Cucurella Saseta,0.5,1.1,0.4,i,CHE,10,0,0,5,104,48,703,1,Defender,0,4.8,Budget,Differential
2,0,Wesley,Fofana,0.0,0.0,0.0,i,CHE,0,0,0,0,0,44,0,0,Defender,0,4.4,Budget,Differential
2,0,Malo,Gusto,0.3,2.4,4.7,a,CHE,26,0,2,2,139,41,618,2,Defender,2,4.1,Budget,Differential
2,0,Reece,James,0.3,1.1,3.3,i,CHE,9,0,1,0,95,53,386,0,Defender,1,5.3,Mid,Differential
2,0,Malang,Sarr,0.0,0.0,0.1,a,CHE,0,0,0,0,0,43,0,0,Defender,0,4.3,Budget,Differential
2,0,Thiago,Emiliano da Silva,2.0,2.9,3.9,a,CHE,49,1,0,2,335,50,1530,4,Defender,1,5.0,Mid,Differential
2,0,Axel,Disasi,1.8,3.1,4.0,a,CHE,49,1,0,2,268,49,1416,4,Defender,1,4.9,Budget,Differential
2,0,Bashir,Humphreys,0.0,0.0,0.0,u,CHE,0,0,0,0,0,40,0,0,Defender,0,4.0,Budget,Differential
2,0,Alfie,Gilchrist,0.0,0.0,0.0,a,CHE,0,0,0,0,0,40,0,0,Defender,0,4.0,Budget,Differential
2,0,Josh,Brooking,0.0,0.0,0.0,a,CHE,0,0,0,0,0,40,0,0,Defender,0,4.0,Budget,Differential
2,0,Rob,Holding,0.0,0.0,0.1,i,CRY,0,0,0,0,0,43,0,0,Defender,0,4.3,Budget,Differential
2,0,Joachim,Andersen,0.8,3.7,18.3,a,CRY,66,2,1,4,342,49,1620,5,Defender,3,4.9,Budget,High
2,0,Nathaniel,Clyne,1.0,2.0,0.1,a,CRY,14,0,0,0,68,44,461,1,Defender,0,4.4,Budget,Differential
2,0,Marc,Guéhi,1.2,2.9,3.8,a,CRY,50,0,0,1,298,45,1530,5,Defender,0,4.5,Budget,Differential
2,0,Tyrick,Mitchell,0.8,3.3,3.8,a,CRY,56,1,1,3,273,47,1447,5,Defender,2,4.7,Budget,Differential
2,0,Jake,O'Brien,0.0,0.0,0.0,u,CRY,0,0,0,0,0,40,0,0,Defender,0,4.0,Budget,Differential
2,0,Chris,Richards,1.0,1.1,0.6,a,CRY,10,0,0,1,80,39,561,0,Defender,0,3.9,,Differential
2,0,James,Tomkins,0.0,1.0,0.4,a,CRY,1,0,0,0,3,40,1,0,Defender,0,4.0,Budget,Differential
2,0,Joel,Ward,0.8,2.2,0.2,i,CRY,36,0,1,4,198,45,1332,4,Defender,1,4.5,Budget,Differential
2,0,Tayo,Adaramola,0.0,0.0,0.0,a,CRY,0,0,0,0,0,40,0,0,Defender,0,4.0,Budget,Differential
2,0,Jarrad,Branthwaite,3.5,2.9,3.1,a,EVE,44,0,0,5,255,41,1350,5,Defender,0,4.1,Budget,Differential
2,0,Seamus,Coleman,1.0,6.0,0.0,d,EVE,6,0,0,0,25,44,66,1,Defender,0,4.4,Budget,Differential
2,0,Ben,Godfrey,1.0,3.5,0.1,a,EVE,7,0,0,0,24,43,91,1,Defender,0,4.3,Budget,Differential
2,0,Mason,Holgate,0.0,0.0,0.4,u,EVE,0,0,0,0,0,40,0,0,Defender,0,4.0,Budget,Differential
2,0,Michael,Keane,2.3,3.2,0.2,a,EVE,16,1,0,1,56,43,316,1,Defender,1,4.3,Budget,Differential
2,0,Vitalii,Mykolenko,3.3,4.8,5.8,a,EVE,63,2,1,1,238,46,1167,5,Defender,3,4.6,Budget,Differential
2,0,Nathan,Patterson,2.0,2.1,0.2,a,EVE,33,0,2,2,164,44,793,2,Defender,2,4.4,Budget,Differential
2,0,James,Tarkowski,4.5,3.6,5.3,a,EVE,65,1,1,2,319,45,1620,6,Defender,2,4.5,Budget,Differential
2,0,Ashley,Young,2.5,1.7,0.3,d,EVE,26,0,0,4,177,44,1209,3,Defender,0,4.4,Budget,Differential
2,0,Elijah,Campbell,0.0,0.0,0.0,a,EVE,0,0,0,0,0,40,0,0,Defender,0,4.0,Budget,Differential
2,0,Issa,Diop,0.1,2.7,0.4,a,FUL,24,0,0,2,144,44,790,3,Defender,0,4.4,Budget,Differential
2,0,Terence,Kongolo,0.0,0.0,0.1,u,FUL,0,0,0,0,0,40,0,0,Defender,0,4.0,Budget,Differential
2,0,Kevin,Mbabu,0.0,0.0,0.2,u,FUL,0,0,0,0,0,40,0,0,Defender,0,4.0,Budget,Differential
2,0,Tim,Ream,0.0,2.6,0.8,i,FUL,34,1,0,2,198,45,1143,3,Defender,1,4.5,Budget,Differential
2,1,Antonee,Robinson,3.3,2.4,1.4,a,FUL,43,0,3,4,318,44,1568,4,Defender,3,4.4,Budget,Differential
2,1,Kenny,Tete,1.1,2.5,0.3,a,FUL,20,1,0,2,117,44,602,2,Defender,1,4.4,Budget,Differential
2,1,Tosin,Adarabioyo,3.4,3.6,0.3,a,FUL,25,1,0,0,112,43,452,2,Defender,1,4.3,Budget,Differential
2,1,Calvin,Bassey,2.0,1.5,0.2,a,FUL,21,0,0,1,177,44,1025,2,Defender,0,4.4,Budget,Differential
2,0,Luc,De Fougerolles,0.0,0.0,0.1,a,FUL,0,0,0,0,0,40,0,0,Defender,0,4.0,Budget,Differential
2,1,Timothy,Castagne,2.4,2.6,0.7,a,FUL,41,0,0,1,229,45,1189,4,Defender,0,4.5,Budget,Differential
2,1,Fodé,Ballo-Touré,0.4,0.8,0.0,a,FUL,3,0,0,1,12,45,48,0,Defender,0,4.5,Budget,Differential
2,0,Devan,Tanton,0.0,0.0,0.0,a,FUL,0,0,0,0,0,40,0,0,Defender,0,4.0,Budget,Differential
2,8,Trent,Alexander-Arnold,8.5,5.7,22.2,a,LIV,97,2,4,4,429,84,1408,7,Defender,6,8.4,,High
2,6,Joe,Gomez,2.5,2.4,1.1,a,LIV,38,0,0,2,179,45,833,4,Defender,0,4.5,Budget,Differential
2,0,Ibrahima,Konaté,2.5,2.7,1.8,a,LIV,35,0,0,2,182,49,791,4,Defender,0,4.9,Budget,Differential
2,0,Joel,Matip,0.2,2.1,0.3,i,LIV,21,0,0,2,145,49,779,2,Defender,0,4.9,Budget,Differential
2,0,Nathaniel,Phillips,0.0,0.0,0.1,u,LIV,0,0,0,0,0,40,0,0,Defender,0,4.0,Budget,Differential
2,0,Andrew,Robertson,0.0,3.2,2.3,i,LIV,26,1,0,1,167,64,720,1,Defender,1,6.4,Premium,Differential
2,0,Konstantinos,Tsimikas,2.3,4.5,6.6,i,LIV,45,0,3,0,191,48,662,4,Defender,3,4.8,Budget,Differential
2,0,Sepp,van den Berg,0.0,0.0,0.0,u,LIV,0,0,0,0,0,40,0,0,Defender,0,4.0,Budget,Differential
2,7,Virgil,van Dijk,5.3,4.1,10.7,a,LIV,70,1,2,1,346,62,1467,6,Defender,3,6.2,Premium,Differential
2,6,Jarell,Quansah,1.2,2.0,0.1,a,LIV,12,0,0,0,57,40,261,1,Defender,0,4.0,Budget,Differential
2,0,Luke,Chambers,0.0,0.0,0.0,a,LIV,0,0,0,0,0,40,0,0,Defender,0,4.0,Budget,Differential
2,0,Callum,Scanlon,0.0,0.0,0.0,a,LIV,0,0,0,0,0,40,0,0,Defender,0,4.0,Budget,Differential
2,0,Conor,Bradley,0.0,0.0,0.0,a,LIV,0,0,0,0,0,40,0,0,Defender,0,4.0,Budget,Differential
2,1,Mads Juel,Andersen,0.4,1.9,0.8,a,LUT,15,1,0,1,75,39,397,0,Defender,1,3.9,,Differential
2,1,Amari'i,Bell,2.0,1.6,3.1,a,LUT,21,0,0,0,152,39,1085,1,Defender,0,3.9,,Differential
2,0,Reece,Burke,0.0,1.6,0.1,d,LUT,13,0,1,1,79,40,595,0,Defender,1,4.0,Budget,Differential
2,7,Alfie,Doughty,4.8,2.9,0.6,a,LUT,49,1,3,2,231,44,1225,1,Defender,4,4.4,Budget,Differential
2,1,Gabriel,Osho,2.8,2.4,0.0,a,LUT,19,1,0,1,113,44,686,1,Defender,1,4.4,Budget,Differential
2,0,Dan,Potts,0.0,0.0,0.1,i,LUT,0,0,0,0,0,39,0,0,Defender,0,3.9,,Differential
2,1,Teden,Mengi,1.6,2.0,2.3,a,LUT,26,1,0,1,144,40,1040,1,Defender,1,4.0,Budget,Differential
2,1,Ryan,Giles,1.0,1.0,0.1,a,LUT,11,0,0,0,81,43,498,0,Defender,0,4.3,Budget,Differential
2,0,Tom,Lockyer,0.4,1.6,0.2,a,LUT,23,1,1,4,162,43,1169,0,Defender,2,4.3,Budget,Differential
2,0,Issa,Kaboré,0.4,1.8,4.6,d,LUT,25,0,2,4,135,40,1002,0,Defender,2,4.0,Budget,Differential
2,0,Aidan,Francis-Clarke,0.0,0.0,0.0,u,LUT,0,0,0,0,0,40,0,0,Defender,0,4.0,Budget,Differential
2,0,Joseph,Johnson,0.0,0.0,0.0,a,LUT,0,0,0,0,0,40,0,0,Defender,0,4.0,Budget,Differential
2,0,Manuel,Akanji,0.8,3.2,5.1,a,MCI,42,2,0,1,222,49,1081,3,Defender,2,4.9,Budget,Differential
2,0,Nathan,Aké,0.8,3.3,5.1,a,MCI,43,2,1,0,205,50,825,1,Defender,3,5.0,Mid,Differential
2,0,João,Cancelo,0.0,0.0,1.0,u,MCI,0,0,0,0,0,58,0,0,Defender,0,5.8,Mid,Differential
2,0,Rúben,Gato Alves Dias,1.2,2.3,7.0,a,MCI,35,0,0,0,225,55,1275,3,Defender,0,5.5,Mid,Differential
2,0,Aymeric,Laporte,0.0,1.0,0.1,u,MCI,1,0,0,0,4,49,11,0,Defender,0,4.9,Budget,Differential
2,0,Rico,Lewis,2.8,3.6,0.4,a,MCI,29,1,0,1,104,43,340,3,Defender,1,4.3,Budget,Differential
2,0,Sergio,Gómez,0.0,2.5,1.0,a,MCI,5,0,1,0,17,39,15,0,Defender,1,3.9,,Differential
2,0,John,Stones,0.6,2.6,3.0,a,MCI,18,0,0,1,86,53,368,2,Defender,0,5.3,Mid,Differential
2,0,Kyle,Walker,1.2,3.0,15.5,a,MCI,51,0,1,1,307,53,1530,4,Defender,1,5.3,Mid,High
2,0,Joško,Gvardiol,1.0,2.5,3.4,a,MCI,32,0,0,2,195,48,1065,3,Defender,0,4.8,Budget,Differential
2,0,Alex,Telles,0.0,0.0,0.0,u,MUN,0,0,0,0,0,45,0,0,Defender,0,4.5,Budget,Differential
2,0,Brandon,Williams,0.0,0.0,0.1,u,MUN,0,0,0,0,0,40,0,0,Defender,0,4.0,Budget,Differential
2,0,Eric,Bailly,0.0,0.0,0.1,u,MUN,0,0,0,0,0,40,0,0,Defender,0,4.0,Budget,Differential
2,1,Diogo,Dalot Teixeira,1.3,3.4,3.3,a,MUN,58,1,1,3,326,51,1464,5,Defender,2,5.1,Mid,Differential
2,0,Álvaro,Fernández Carreras,0.0,0.0,0.1,u,MUN,0,0,0,0,0,40,0,0,Defender,0,4.0,Budget,Differential
2,0,Victor,Lindelöf,0.2,3.5,0.4,i,MUN,42,1,1,1,201,45,898,3,Defender,2,4.5,Budget,Differential
2,0,Harry,Maguire,1.2,3.3,1.6,i,MUN,36,0,2,1,173,42,836,3,Defender,2,4.2,Budget,Differential
2,0,Tyrell,Malacia,0.0,0.0,0.0,i,MUN,0,0,0,0,0,43,0,0,Defender,0,4.3,Budget,Differential
2,0,Lisandro,Martínez,0.0,1.0,2.2,i,MUN,5,0,1,2,74,47,375,0,Defender,1,4.7,Budget,Differential
2,1,Raphaël,Varane,1.2,2.8,2.3,a,MUN,28,1,0,0,144,49,520,2,Defender,1,4.9,Budget,Differential
2,0,Luke,Shaw,1.5,2.6,3.5,d,MUN,21,0,0,4,146,52,693,3,Defender,0,5.2,Mid,Differential
2,1,Aaron,Wan-Bissaka,0.7,2.8,2.1,a,MUN,28,0,1,2,163,44,703,2,Defender,1,4.4,Budget,Differential
2,0,Sergio,Reguilón,0.3,2.1,0.4,a,MUN,17,0,0,3,85,44,408,2,Defender,0,4.4,Budget,Differential
2,1,Jonny,Evans,1.5,2.8,0.9,a,MUN,31,0,1,2,159,40,729,3,Defender,1,4.0,Budget,Differential
2,1,Willy,Kambwala,0.7,1.0,0.0,a,MUN,2,0,0,0,13,40,84,0,Defender,0,4.0,Budget,Differential
2,0,Rhys,Bennett,0.0,0.0,0.0,a,MUN,0,0,0,0,0,40,0,0,Defender,0,4.0,Budget,Differential
2,1,Lewis,Hall,0.5,0.8,0.2,a,NEW,5,0,0,1,20,43,92,0,Defender,0,4.3,Budget,Differential
2,0,Harrison,Ashby,0.0,0.0,0.0,u,NEW,0,0,0,0,0,40,0,0,Defender,0,4.0,Budget,Differential
2,1,Sven,Botman,0.5,4.1,5.4,a,NEW,33,1,1,1,156,45,583,2,Defender,2,4.5,Budget,Differential
2,0,Dan,Burn,2.7,3.8,4.7,a,NEW,53,2,0,2,223,44,1166,5,Defender,2,4.4,Budget,Differential
2,0,Emil,Krafth,1.5,2.5,0.0,a,NEW,10,0,0,0,43,44,82,1,Defender,0,4.4,Budget,Differential
2,0,Jamaal,Lascelles,2.2,3.3,7.4,d,NEW,43,1,0,4,203,42,1036,5,Defender,1,4.2,Budget,Differential
2,0,Jamal,Lewis,0.0,0.0,0.0,u,NEW,0,0,0,0,0,40,0,0,Defender,0,4.0,Budget,Differential
2,0,Javier,Manquillo Gaitán,0.0,0.0,0.0,d,NEW,0,0,0,0,0,40,0,0,Defender,0,4.0,Budget,Differential
2,0,Fabian,Schär,1.7,2.9,6.7,a,NEW,56,0,1,3,333,53,1633,6,Defender,1,5.3,Mid,Differential
2,0,Matt,Targett,0.0,0.7,0.1,i,NEW,2,0,0,1,15,42,77,0,Defender,0,4.2,Budget,Differential
2,1,Kieran,Trippier,2.5,4.7,42.8,a,NEW,85,0,7,5,442,69,1572,6,Defender,7,6.9,Premium,High
2,0,Kell,Watts,0.0,0.0,0.1,u,NEW,0,0,0,0,0,40,0,0,Defender,0,4.0,Budget,Differential
2,0,Paul,Dummett,0.0,1.0,0.4,a,NEW,1,0,0,0,3,39,4,0,Defender,0,3.9,,Differential
2,1,Tino,Livramento,3.3,2.0,1.9,a,NEW,26,0,0,1,123,44,606,2,Defender,0,4.4,Budget,Differential
2,0,Alex,Murphy,0.0,1.0,0.4,a,NEW,1,0,0,0,2,39,3,0,Defender,0,3.9,,Differential
2,0,Nuno,Varela Tavares,0.0,0.0,0.3,a,NFO,0,0,0,2,8,40,93,0,Defender,0,4.0,Budget,Differential
2,0,Serge,Aurier,0.3,2.2,0.9,d,NFO,27,0,2,2,137,45,831,1,Defender,2,4.5,Budget,Differential
2,0,Giulian,Biancone,0.0,0.0,0.1,u,NFO,0,0,0,0,0,39,0,0,Defender,0,3.9,,Differential
2,0,Willy,Boly,0.2,2.6,0.5,a,NFO,36,1,0,1,188,45,991,3,Defender,1,4.5,Budget,Differential
2,0,Steve,Cook,0.0,0.0,0.0,u,NFO,0,0,0,0,0,45,0,0,Defender,0,4.5,Budget,Differential
2,0,Mohamed,Dräger,0.0,0.0,0.1,u,NFO,0,0,0,0,0,40,0,0,Defender,0,4.0,Budget,Differential
2,0,Felipe Augusto,de Almeida Monteiro,0.2,0.3,0.0,d,NFO,1,0,0,1,25,44,132,0,Defender,0,4.4,Budget,Differential
2,0,Richie,Laryea,0.0,0.0,0.0,u,NFO,0,0,0,0,0,45,0,0,Defender,0,4.5,Budget,Differential
2,0,Loïc,Mbe Soh,0.0,0.0,0.1,u,NFO,0,0,0,0,0,40,0,0,Defender,0,4.0,Budget,Differential
2,0,Scott,McKenna,0.0,2.4,0.1,a,NFO,12,0,0,0,64,44,416,1,Defender,0,4.4,Budget,Differential
2,2,Moussa,Niakhaté,1.2,1.2,0.1,a,NFO,16,0,0,2,136,45,887,1,Defender,0,4.5,Budget,Differential
2,0,Jonathan,Panzo,0.0,0.0,0.1,u,NFO,0,0,0,0,0,40,0,0,Defender,0,4.0,Budget,Differential
2,0,Omar,Richards,0.0,0.0,0.0,u,NFO,0,0,0,0,0,44,0,0,Defender,0,4.4,Budget,Differential
2,0,Harry,Toffolo,1.8,3.2,0.2,a,NFO,39,1,3,2,185,44,916,2,Defender,4,4.4,Budget,Differential
2,0,Neco,Williams,1.5,1.6,0.2,a,NFO,16,0,1,1,82,43,412,0,Defender,1,4.3,Budget,Differential
2,1,Joe,Worrall,0.2,1.9,0.1,a,NFO,13,0,0,0,74,44,438,1,Defender,0,4.4,Budget,Differential
2,2,Olu,Aina,0.5,2.5,0.4,a,NFO,32,1,1,3,158,45,901,2,Defender,2,4.5,Budget,Differential
2,0,Josh,Powell,0.0,0.0,0.1,a,NFO,0,0,0,0,0,40,0,0,Defender,0,4.0,Budget,Differential
2,1,Gonzalo,Montiel,0.2,0.6,0.0,a,NFO,3,0,0,3,33,44,235,0,Defender,0,4.4,Budget,Differential
2,5,Murillo,Santiago Costa dos Santos,1.7,2.2,0.1,a,NFO,28,0,1,2,213,45,1142,2,Defender,1,4.5,Budget,Differential
2,0,Andrew,Omobamidele,0.0,0.0,0.0,a,NFO,0,0,0,0,0,45,0,0,Defender,0,4.5,Budget,Differential
2,1,Auston,Trusty,1.7,1.2,2.4,a,SHU,17,0,0,3,141,39,1092,1,Defender,0,3.9,,Differential
2,8,Anel,Ahmedhodžić,2.8,1.5,0.2,s,SHU,21,1,0,5,165,43,1215,1,Defender,1,4.3,Budget,Differential
2,0,George,Baldock,0.5,1.8,6.7,a,SHU,18,0,2,4,95,39,743,0,Defender,2,3.9,,Differential
2,0,Chris,Basham,0.0,1.0,0.5,i,SHU,8,0,0,1,35,39,316,0,Defender,0,3.9,,Differential
2,0,Jayden,Bogle,1.2,2.1,0.1,a,SHU,32,1,2,5,136,45,1127,2,Defender,3,4.5,Budget,Differential
2,0,John,Egan,0.0,0.2,0.1,i,SHU,1,0,0,2,54,43,482,0,Defender,0,4.3,Budget,Differential
2,0,Max,Lowe,0.5,0.9,0.0,a,SHU,6,0,0,1,23,43,310,0,Defender,0,4.3,Budget,Differential
2,0,Rhys,Norrington-Davies,0.0,0.0,0.2,a,SHU,0,0,0,0,0,39,0,0,Defender,0,3.9,,Differential
2,-2,Jack,Robinson,1.2,0.9,0.1,a,SHU,17,0,1,6,223,44,1569,1,Defender,1,4.4,Budget,Differential
2,0,Yasser,Larouci,0.0,0.7,0.0,a,SHU,4,0,0,1,29,43,276,0,Defender,0,4.3,Budget,Differential
2,0,Femi,Seriki,0.0,0.0,0.1,a,SHU,0,0,0,0,0,40,0,0,Defender,0,4.0,Budget,Differential
2,0,Luke,Thomas,-0.2,0.5,0.1,a,SHU,6,0,0,3,74,40,827,0,Defender,0,4.0,Budget,Differential
2,0,Jili,Buyabu,0.0,0.0,0.0,a,SHU,0,0,0,0,0,40,0,0,Defender,0,4.0,Budget,Differential
2,0,Ben,Davies,1.8,1.8,0.5,a,TOT,21,0,1,1,144,43,718,1,Defender,1,4.3,Budget,Differential
2,0,Eric,Dier,0.2,0.3,0.5,a,TOT,1,0,0,0,28,42,191,0,Defender,0,4.2,Budget,Differential
2,0,Emerson,Leite de Souza Junior,1.0,1.6,0.8,a,TOT,21,1,0,2,140,44,597,0,Defender,1,4.4,Budget,Differential
2,0,Pedro,Porro,3.3,4.1,25.2,a,TOT,70,0,6,3,395,56,1527,5,Defender,6,5.6,Mid,High
2,0,Ivan,Perišić,0.0,1.2,0.8,i,TOT,6,0,1,2,34,47,98,0,Defender,1,4.7,Budget,Differential
2,0,Joe,Rodon,0.0,0.0,0.1,u,TOT,0,0,0,0,0,40,0,0,Defender,0,4.0,Budget,Differential
2,0,Cristian,Romero,3.0,4.1,10.7,i,TOT,62,3,0,4,297,50,1170,5,Defender,3,5.0,Mid,Differential
2,0,Davinson,Sánchez,0.0,0.0,0.1,u,TOT,0,0,0,1,9,44,76,0,Defender,0,4.4,Budget,Differential
2,0,Ryan,Sessegnon,0.0,0.0,0.0,i,TOT,0,0,0,0,0,44,0,0,Defender,0,4.4,Budget,Differential
2,0,Djed,Spence,0.0,0.0,0.2,u,TOT,0,0,0,0,0,40,0,0,Defender,0,4.0,Budget,Differential
2,0,Japhet,Tanganga,0.0,0.0,0.3,u,TOT,0,0,0,0,0,40,0,0,Defender,0,4.0,Budget,Differential
2,0,Destiny,Udogie,2.5,3.0,9.7,a,TOT,45,1,2,5,213,48,1232,4,Defender,3,4.8,Budget,Differential
2,0,Micky,van de Ven,0.0,3.9,1.2,i,TOT,43,1,0,1,227,44,945,4,Defender,1,4.4,Budget,Differential
2,0,Ashley,Phillips,0.0,0.0,0.1,a,TOT,0,0,0,0,0,40,0,0,Defender,0,4.0,Budget,Differential
2,0,Alfie,Dorrington,0.0,0.0,0.0,a,TOT,0,0,0,0,0,40,0,0,Defender,0,4.0,Budget,Differential
2,0,Nayef,Aguerd,1.7,2.1,0.8,d,WHU,33,1,0,1,210,45,1416,2,Defender,1,4.5,Budget,Differential
2,0,Vladimír,Coufal,3.2,3.1,3.4,a,WHU,56,0,5,4,315,46,1616,3,Defender,5,4.6,Budget,Differential
2,0,Aaron,Cresswell,-0.2,0.7,0.3,a,WHU,2,0,0,1,20,42,130,0,Defender,0,4.2,Budget,Differential
2,0,Emerson,Palmieri dos Santos,3.2,2.5,0.7,a,WHU,42,0,2,7,248,45,1485,3,Defender,2,4.5,Budget,Differential
2,0,Ben,Johnson,0.2,1.0,0.1,a,WHU,1,0,0,0,2,44,1,0,Defender,0,4.4,Budget,Differential
2,0,Thilo,Kehrer,0.0,0.5,0.1,a,WHU,2,0,0,2,7,43,19,0,Defender,0,4.3,Budget,Differential
2,0,Kurt,Zouma,2.2,2.8,1.8,a,WHU,44,1,0,2,236,45,1413,3,Defender,1,4.5,Budget,Differential
2,0,Angelo,Ogbonna,0.2,1.2,0.1,a,WHU,5,0,0,0,20,43,138,0,Defender,0,4.3,Budget,Differential
2,0,Konstantinos,Mavropanos,1.3,1.4,0.0,a,WHU,7,0,0,1,42,45,316,1,Defender,0,4.5,Budget,Differential
2,0,Rayan,Aït-Nouri,1.3,1.4,0.4,a,WOL,21,0,0,4,119,45,995,1,Defender,0,4.5,Budget,Differential
2,0,Bendegúz,Bolla,0.0,0.0,0.4,u,WOL,0,0,0,0,0,40,0,0,Defender,0,4.0,Budget,Differential
2,0,Hugo,Bueno López,1.3,1.7,0.1,a,WOL,17,0,0,1,65,44,362,2,Defender,0,4.4,Budget,Differential
2,0,Craig,Dawson,2.7,2.1,0.4,d,WOL,36,0,0,5,250,45,1489,3,Defender,0,4.5,Budget,Differential
2,0,Ki-Jana,Hoever,0.0,0.0,0.0,u,WOL,0,0,0,0,0,40,0,0,Defender,0,4.0,Budget,Differential
2,0,Jonathan,Castro Otto,0.0,1.0,0.0,n,WOL,1,0,0,0,3,43,4,0,Defender,0,4.3,Budget,Differential
2,0,Max,Kilman,1.7,1.9,0.7,a,WOL,34,0,0,3,264,45,1620,2,Defender,0,4.5,Budget,Differential
2,0,Nélson,Cabral Semedo,2.3,1.9,0.7,a,WOL,32,0,1,4,210,45,1488,2,Defender,1,4.5,Budget,Differential
2,0,Toti António,Gomes,2.1,2.1,0.2,a,WOL,32,0,1,1,172,44,1102,1,Defender,1,4.4,Budget,Differential
2,0,Matt,Doherty,1.9,1.5,0.2,a,WOL,18,1,0,1,63,43,384,0,Defender,1,4.3,Budget,Differential
2,0,Santiago,Bueno,0.3,1.0,0.0,a,WOL,2,0,0,0,19,45,110,0,Defender,0,4.5,Budget,Differential
2,0,Justin,Hubner,0.0,0.0,0.0,a,WOL,0,0,0,0,0,40,0,0,Defender,0,4.0,Budget,Differential
3,0,Mohamed,Elneny,0.0,4.0,0.1,a,ARS,4,0,1,0,12,44,1,0,Midfielder,1,4.4,Budget,Differential
3,0,Fábio,Ferreira Vieira,0.0,2.6,0.1,i,ARS,21,1,3,0,62,54,236,1,Midfielder,4,5.4,Budget,Differential
3,0,Kai,Havertz,3.2,2.8,1.6,s,ARS,50,4,1,5,146,71,1092,4,Midfielder,5,7.1,Mid,Differential
3,0,Jorge Luiz,Frello Filho,0.2,1.4,0.2,a,ARS,15,0,0,1,66,53,383,1,Midfielder,0,5.3,Budget,Differential
3,0,Marcus,Oliveira Alencar,0.0,0.0,0.0,u,ARS,0,0,0,0,0,45,0,0,Midfielder,0,4.5,Budget,Differential
3,0,Gabriel,Martinelli Silva,2.8,3.1,5.8,a,ARS,50,2,2,1,185,77,1156,5,Midfielder,4,7.7,Mid,Differential
3,0,Martin,Ødegaard,4.7,5.3,15.2,a,ARS,79,4,4,1,289,84,1329,6,Midfielder,8,8.4,Mid,High
3,0,Thomas,Partey,0.0,1.8,0.1,i,ARS,7,0,0,0,58,48,250,1,Midfielder,0,4.8,Budget,Differential
3,0,Nicolas,Pépé,0.0,0.0,0.0,u,ARS,0,0,0,0,0,49,0,0,Midfielder,0,4.9,Budget,Differential
3,0,Bukayo,Saka,3.2,5.8,58.2,a,ARS,98,5,8,2,364,90,1483,6,Midfielder,13,9.0,Premium,High
3,0,Emile,Smith Rowe,0.2,2.0,0.1,a,ARS,10,0,1,0,27,53,105,1,Midfielder,1,5.3,Budget,Differential
3,0,Leandro,Trossard,1.0,3.1,1.8,a,ARS,44,3,1,0,125,65,556,2,Midfielder,4,6.5,Mid,Differential
3,0,Granit,Xhaka,0.0,0.0,0.0,u,ARS,0,0,0,0,0,60,0,0,Midfielder,0,6.0,Mid,Differential
3,0,Declan,Rice,2.7,3.6,5.5,a,ARS,65,3,1,2,324,54,1563,7,Midfielder,4,5.4,Budget,Differential
3,0,Reiss,Nelson,0.3,1.0,0.0,a,ARS,7,0,0,0,25,48,63,0,Midfielder,0,4.8,Budget,Differential
3,0,Charles,Sagoe,0.0,0.0,0.0,a,ARS,0,0,0,0,0,45,0,0,Midfielder,0,4.5,Budget,Differential
3,0,Bradley,Ibrahim,0.0,0.0,0.0,a,ARS,0,0,0,0,0,45,0,0,Midfielder,0,4.5,Budget,Differential
3,0,Myles,Lewis-Skelly,0.0,0.0,0.0,a,ARS,0,0,0,0,0,45,0,0,Midfielder,0,4.5,Budget,Differential
3,2,Leon,Bailey,4.5,3.9,3.3,a,AVL,66,5,5,3,195,56,769,3,Midfielder,10,5.6,Budget,Differential
3,0,Emiliano,Buendía Stati,0.0,0.0,0.0,i,AVL,0,0,0,0,0,57,0,0,Midfielder,0,5.7,Budget,Differential
3,0,Philippe,Coutinho Correia,0.0,1.0,0.2,u,AVL,2,0,0,0,7,58,24,0,Midfielder,0,5.8,Budget,Differential
3,13,Leander,Dendoncker,2.5,2.7,0.0,a,AVL,19,1,1,0,61,49,117,0,Midfielder,2,4.9,Budget,Differential
3,2,Douglas Luiz,Soares de Paulo,2.8,4.7,8.0,a,AVL,84,5,3,5,371,55,1563,4,Midfielder,8,5.5,Budget,Differential
3,1,Tim,Iroegbunam,0.2,1.0,0.0,a,AVL,1,0,0,0,2,44,4,0,Midfielder,0,4.4,Budget,Differential
3,0,Boubacar,Kamara,1.2,1.9,0.1,s,AVL,31,0,1,6,200,50,1347,5,Midfielder,1,5.0,Budget,Differential
3,7,John,McGinn,4.2,4.1,1.8,a,AVL,77,5,2,4,298,55,1616,4,Midfielder,7,5.5,Budget,Differential
3,0,Jaden,Philogene-Bidace,0.0,1.0,0.1,u,AVL,1,0,0,0,3,45,3,0,Midfielder,0,4.5,Budget,Differential
3,1,Jacob,Ramsey,1.3,1.8,0.1,a,AVL,16,1,0,1,45,59,388,0,Midfielder,1,5.9,Budget,Differential
3,0,Morgan,Sanson,0.0,0.0,0.0,u,AVL,0,0,0,0,0,45,0,0,Midfielder,0,4.5,Budget,Differential
3,0,Youri,Tielemans,1.5,1.8,0.5,i,AVL,29,0,3,0,119,56,555,1,Midfielder,3,5.6,Budget,Differential
3,0,Bertrand,Traoré,0.0,1.0,0.0,i,AVL,2,0,0,0,6,50,10,0,Midfielder,0,5.0,Budget,Differential
3,1,Moussa,Diaby,2.0,4.1,9.6,a,AVL,78,3,7,0,232,66,1205,4,Midfielder,10,6.6,Mid,Differential
3,0,Omari,Kellyman,0.0,0.0,0.1,a,AVL,0,0,0,0,0,45,0,0,Midfielder,0,4.5,Budget,Differential
3,1,Nicolò,Zaniolo,1.2,1.3,0.1,a,AVL,17,1,0,4,3,54,497,1,Midfielder,1,5.4,Budget,Differential
3,0,Tommi,O'Reilly,0.0,0.0,0.0,a,AVL,0,0,0,0,0,45,0,0,Midfielder,0,4.5,Budget,Differential
3,0,Jaidon,Anthony,0.0,1.0,0.0,u,BOU,3,0,0,1,4,49,151,0,Midfielder,0,4.9,Budget,Differential
3,1,Philip,Billing,3.4,2.9,0.5,a,BOU,49,2,3,3,188,52,1132,1,Midfielder,5,5.2,Budget,Differential
3,4,David,Brooks,1.0,1.9,0.1,a,BOU,21,1,1,1,63,48,242,0,Midfielder,2,4.8,Budget,Differential
3,3,Ryan,Christie,3.4,2.5,0.1,a,BOU,45,0,2,2,198,50,1412,5,Midfielder,2,5.0,Budget,Differential
3,0,Lewis,Cook,2.8,2.2,0.0,d,BOU,28,0,1,1,166,50,999,4,Midfielder,1,5.0,Budget,Differential
3,0,Siriki,Dembélé,0.0,0.0,0.0,u,BOU,0,0,0,0,0,45,0,0,Midfielder,0,4.5,Budget,Differential
3,0,Gavin,Kilkenny,0.0,0.0,0.1,a,BOU,0,0,0,0,0,43,0,0,Midfielder,0,4.3,Budget,Differential
3,8,Justin,Kluivert,3.0,2.7,0.4,a,BOU,38,2,0,1,84,46,744,5,Midfielder,2,4.6,Budget,Differential
3,0,Jamal,Lowe,0.0,0.0,0.0,u,BOU,0,0,0,0,0,49,0,0,Midfielder,0,4.9,Budget,Differential
3,0,Emiliano,Marcondes,0.0,0.0,0.1,d,BOU,0,0,0,0,0,43,0,0,Midfielder,0,4.3,Budget,Differential
3,3,Dango,Ouattara,1.4,1.2,0.0,a,BOU,15,0,0,2,59,47,406,2,Midfielder,0,4.7,Budget,Differential
3,0,Ben,Pearson,0.0,0.0,0.0,u,BOU,0,0,0,0,0,45,0,0,Midfielder,0,4.5,Budget,Differential
3,0,Joe,Rothwell,0.4,1.2,0.0,a,BOU,13,0,0,0,54,48,380,0,Midfielder,0,4.8,Budget,Differential
3,3,Marcus,Tavernier,3.4,3.6,1.2,a,BOU,54,2,3,1,191,54,1080,5,Midfielder,5,5.4,Budget,Differential
3,0,Hamed,Traorè,0.0,1.0,0.0,d,BOU,3,0,0,0,10,47,44,0,Midfielder,0,4.7,Budget,Differential
3,9,Alex,Scott,1.8,2.4,0.0,a,BOU,12,0,1,2,56,49,320,1,Midfielder,1,4.9,Budget,Differential
3,0,Tyler,Adams,0.0,0.0,0.0,i,BOU,0,0,0,0,0,49,0,0,Midfielder,0,4.9,Budget,Differential
3,6,Luis,Sinisterra,3.0,2.4,0.0,a,BOU,26,2,1,0,87,55,298,1,Midfielder,3,5.5,Budget,Differential
3,0,Shandon,Baptiste,2.0,2.4,1.2,a,BRE,12,1,0,0,57,43,188,0,Midfielder,1,4.3,Budget,Differential
3,0,Mads,Bidstrup,0.0,0.0,0.0,u,BRE,0,0,0,0,0,45,0,0,Midfielder,0,4.5,Budget,Differential
3,0,Sergi,Canós Tenés,0.0,0.0,0.0,u,BRE,0,0,0,0,0,50,0,0,Midfielder,0,5.0,Budget,Differential
3,0,Mikkel,Damsgaard,1.0,1.4,0.0,a,BRE,7,0,0,0,17,48,165,1,Midfielder,0,4.8,Budget,Differential
3,0,Josh,Dasilva,0.0,1.0,0.0,i,BRE,1,0,0,0,3,47,9,0,Midfielder,0,4.7,Budget,Differential
3,0,Vitaly,Janelt,2.2,2.4,0.1,a,BRE,41,0,2,3,198,53,1376,4,Midfielder,2,5.3,Budget,Differential
3,0,Mathias,Jensen,0.0,4.8,0.9,a,BRE,58,3,3,2,217,54,905,5,Midfielder,6,5.4,Budget,Differential
3,0,Keane,Lewis-Potter,3.2,2.3,0.0,a,BRE,25,1,1,0,58,47,408,1,Midfielder,2,4.7,Budget,Differential
3,0,Bryan,Mbeumo,2.2,5.8,8.0,i,BRE,87,7,4,1,250,68,1286,3,Midfielder,11,6.8,Mid,Differential
3,0,Christian,Nørgaard,0.8,2.4,0.1,a,BRE,39,1,1,6,226,54,1390,3,Midfielder,2,5.4,Budget,Differential
3,0,Frank,Onyeka,0.8,1.3,0.0,s,BRE,19,0,1,5,82,49,705,1,Midfielder,1,4.9,Budget,Differential
3,0,Kevin,Schade,0.0,3.8,0.1,i,BRE,19,1,1,0,40,53,255,1,Midfielder,2,5.3,Budget,Differential
3,0,Ryan,Trevitt,0.0,0.0,0.0,u,BRE,0,0,0,0,0,45,0,0,Midfielder,0,4.5,Budget,Differential
3,0,Yegor,Yarmoliuk,1.0,1.3,0.6,a,BRE,12,0,0,1,38,43,290,2,Midfielder,0,4.3,Budget,Differential
3,0,Michael,Olakigbe,0.4,1.0,0.0,a,BRE,6,0,0,0,7,45,37,0,Midfielder,0,4.5,Budget,Differential
3,0,Ethan,Brierley,0.0,0.0,0.0,a,BRE,0,0,0,0,0,45,0,0,Midfielder,0,4.5,Budget,Differential
3,0,Saman,Ghoddos,1.4,1.5,0.1,a,BRE,18,1,0,4,78,45,511,0,Midfielder,1,4.5,Budget,Differential
3,0,Myles,Peart-Harris,0.4,1.0,0.0,a,BRE,2,0,0,0,4,45,7,0,Midfielder,0,4.5,Budget,Differential
3,0,Simon,Adingra,2.8,3.3,1.1,a,BHA,56,4,1,2,191,50,1139,0,Midfielder,5,5.0,Budget,Differential
3,0,Steven,Alzate,0.0,0.0,0.0,u,BHA,0,0,0,0,0,44,0,0,Midfielder,0,4.4,Budget,Differential
3,0,Yasin,Ayari,0.0,0.0,0.0,u,BHA,0,0,0,0,0,45,0,0,Midfielder,0,4.5,Budget,Differential
3,0,Facundo,Buonanotte,1.8,1.7,0.0,a,BHA,17,1,1,3,44,47,369,0,Midfielder,2,4.7,Budget,Differential
3,0,Mahmoud,Dahoud,0.2,1.6,0.1,a,BHA,14,0,1,1,68,48,449,1,Midfielder,1,4.8,Budget,Differential
3,0,Julio,Enciso,0.0,4.0,0.5,i,BHA,8,0,2,1,30,51,68,0,Midfielder,2,5.1,Budget,Differential
3,0,Billy,Gilmour,1.2,2.3,0.3,a,BHA,39,0,3,4,207,49,1095,2,Midfielder,3,4.9,Budget,Differential
3,0,Pascal,Groß,4.5,4.8,3.5,a,BHA,77,3,6,3,325,64,1371,1,Midfielder,9,6.4,Mid,Differential
3,0,Kacper,Kozłowski,0.0,0.0,0.0,u,BHA,0,0,0,0,0,45,0,0,Midfielder,0,4.5,Budget,Differential
3,0,Adam,Lallana,1.2,1.3,0.0,a,BHA,16,0,1,1,49,49,479,1,Midfielder,1,4.9,Budget,Differential
3,0,Solly,March,0.0,5.6,2.3,i,BHA,39,3,1,1,134,61,555,2,Midfielder,4,6.1,Mid,Differential
3,0,James,Milner,1.0,1.4,0.1,a,BHA,15,0,1,3,92,48,521,1,Midfielder,1,4.8,Budget,Differential
3,0,Kaoru,Mitoma,1.7,3.7,19.0,d,BHA,63,3,5,4,211,65,1320,0,Midfielder,8,6.5,Mid,High
3,0,Jakub,Moder,0.3,1.0,0.1,a,BHA,3,0,0,0,11,44,26,0,Midfielder,0,4.4,Budget,Differential
3,0,Jeremy,Sarmiento Morante,0.0,0.0,0.0,u,BHA,0,0,0,0,0,45,0,0,Midfielder,0,4.5,Budget,Differential
3,0,Jack,Hinshelwood,2.5,2.6,0.0,a,BHA,18,1,0,1,60,45,436,0,Midfielder,1,4.5,Budget,Differential
3,0,Carlos,Baleba,0.7,1.1,0.1,a,BHA,12,0,0,3,71,45,519,0,Midfielder,0,4.5,Budget,Differential
3,0,Anssumane,Fati Vieira,0.0,2.3,0.4,i,BHA,21,2,0,1,55,64,286,1,Midfielder,2,6.4,Mid,Differential
3,0,Benicio,Baker-Boaitey,0.3,1.0,0.0,a,BHA,2,0,0,0,6,45,12,0,Midfielder,0,4.5,Budget,Differential
3,0,Joshua,Duffus,0.0,0.0,0.0,a,BHA,0,0,0,0,0,44,0,0,Midfielder,0,4.4,Budget,Differential
3,0,Luca,Barrington,0.0,0.0,0.0,a,BHA,0,0,0,0,0,45,0,0,Midfielder,0,4.5,Budget,Differential
3,0,Enock,Agyei,0.0,0.0,0.2,a,BUR,0,0,0,0,0,43,0,0,Midfielder,0,4.3,Budget,Differential
3,0,Samuel,Bastien,0.0,0.0,0.0,u,BUR,0,0,0,0,0,49,0,0,Midfielder,0,4.9,Budget,Differential
3,0,Manuel Benson,Hedilazio,0.2,1.0,0.1,a,BUR,4,0,0,0,11,52,73,0,Midfielder,0,5.2,Budget,Differential
3,2,Josh,Brownhill,3.0,2.7,0.3,a,BUR,48,3,0,2,251,47,1409,2,Midfielder,3,4.7,Budget,Differential
3,0,Darko,Churlinov,0.0,0.0,0.0,a,BUR,0,0,0,0,0,44,0,0,Midfielder,0,4.4,Budget,Differential
3,0,Jack,Cork,0.0,1.0,0.0,d,BUR,1,0,0,0,2,48,16,0,Midfielder,0,4.8,Budget,Differential
3,0,Dara,Costelloe,0.0,0.0,0.0,u,BUR,0,0,0,0,0,45,0,0,Midfielder,0,4.5,Budget,Differential
3,0,Josh,Cullen,0.0,1.6,0.1,a,BUR,18,0,1,5,119,50,844,0,Midfielder,1,5.0,Budget,Differential
3,1,Jóhann Berg,Gudmundsson,0.7,1.6,0.0,a,BUR,19,0,1,2,98,48,680,1,Midfielder,1,4.8,Budget,Differential
3,0,Scott,Twine,0.0,0.0,0.0,u,BUR,0,0,0,0,0,49,0,0,Midfielder,0,4.9,Budget,Differential
3,0,Anass,Zaroury,0.0,0.6,0.0,a,BUR,3,0,0,0,5,47,135,0,Midfielder,0,4.7,Budget,Differential
3,1,Sander,Berge,3.0,2.3,0.1,a,BUR,43,1,1,4,191,47,1417,2,Midfielder,2,4.7,Budget,Differential
3,1,Nathan,Redmond,0.8,0.9,0.0,a,BUR,11,0,0,1,38,48,132,0,Midfielder,0,4.8,Budget,Differential
3,0,Luca,Koleosho,1.5,2.7,0.1,i,BUR,40,1,2,0,80,49,972,3,Midfielder,3,4.9,Budget,Differential
3,1,Jacob,Bruun Larsen,2.3,1.9,0.0,a,BUR,30,2,0,0,87,49,446,1,Midfielder,2,4.9,Budget,Differential
3,2,Wilson,Odobert,4.2,3.5,0.0,a,BUR,35,3,1,2,134,50,493,1,Midfielder,4,5.0,Budget,Differential
3,1,Aaron,Ramsey,0.3,1.2,0.0,a,BUR,11,0,0,0,40,50,256,0,Midfielder,0,5.0,Budget,Differential
3,0,Han-Noah,Massengo,0.0,0.0,0.0,a,BUR,0,0,0,0,0,50,0,0,Midfielder,0,5.0,Budget,Differential
3,2,Mike,Trésor,1.2,1.3,0.0,a,BUR,16,0,0,0,60,54,374,0,Midfielder,0,5.4,Budget,Differential
3,0,Moisés,Caicedo Corozo,1.5,1.9,1.2,d,CHE,28,0,0,3,160,46,1183,3,Midfielder,0,4.6,Budget,Differential
3,0,Carney,Chukwuemeka,0.0,3.0,1.1,i,CHE,6,1,0,2,23,42,125,0,Midfielder,1,4.2,Budget,Differential
3,0,Enzo,Fernández,3.2,2.8,2.5,d,CHE,44,2,1,4,197,48,1253,4,Midfielder,3,4.8,Budget,Differential
3,0,Conor,Gallagher,0.5,2.9,0.5,a,CHE,50,0,5,3,262,54,1417,4,Midfielder,5,5.4,Budget,Differential
3,0,Noni,Madueke,0.2,1.1,0.1,a,CHE,8,0,0,0,25,53,129,0,Midfielder,0,5.3,Budget,Differential
3,0,Mykhailo,Mudryk,2.5,2.9,1.0,a,CHE,46,2,3,3,132,63,730,4,Midfielder,5,6.3,Mid,Differential
3,0,Christian,Pulisic,0.0,0.0,0.0,u,CHE,0,0,0,0,0,55,0,0,Midfielder,0,5.5,Budget,Differential
3,0,Raheem,Sterling,2.5,4.5,9.0,s,CHE,81,5,6,5,231,71,1419,3,Midfielder,11,7.1,Mid,Differential
3,0,Hakim,Ziyech,0.0,0.0,0.1,u,CHE,0,0,0,0,0,54,0,0,Midfielder,0,5.4,Budget,Differential
3,0,Cole,Palmer,4.2,4.6,21.0,s,CHE,74,6,4,5,266,56,1060,2,Midfielder,10,5.6,Budget,High
3,0,Ângelo Gabriel,Borges Damaceno,0.0,0.0,0.0,u,CHE,0,0,0,0,0,50,0,0,Midfielder,0,5.0,Budget,Differential
3,0,Ian,Maatsen,0.7,0.9,0.1,a,CHE,10,0,0,1,28,51,143,0,Midfielder,0,5.1,Budget,Differential
3,0,Lesley,Ugochukwu,0.2,1.1,0.2,d,CHE,11,0,0,2,53,44,269,1,Midfielder,0,4.4,Budget,Differential
3,0,Roméo,Lavia,0.0,0.0,0.0,a,CHE,0,0,0,0,0,49,0,0,Midfielder,0,4.9,Budget,Differential
3,0,Diego Manuel Jadon,da Silva Moreira,0.0,0.0,0.0,u,CHE,0,0,0,0,0,45,0,0,Midfielder,0,4.5,Budget,Differential
3,0,Alex,Matos,0.0,1.0,0.0,a,CHE,1,0,0,0,2,45,1,0,Midfielder,0,4.5,Budget,Differential
3,0,Leo,Castledine,0.0,0.0,0.0,a,CHE,0,0,0,0,0,45,0,0,Midfielder,0,4.5,Budget,Differential
3,0,Naouirou,Ahamada,0.3,0.9,0.8,a,CRY,9,0,0,1,27,43,123,0,Midfielder,0,4.3,Budget,Differential
3,0,Jordan,Ayew,1.8,2.9,0.4,a,CRY,50,2,3,4,149,54,1378,6,Midfielder,5,5.4,Budget,Differential
3,0,Cheick,Doucouré,0.0,1.9,0.1,i,CRY,21,0,0,2,141,49,920,3,Midfielder,0,4.9,Budget,Differential
3,0,Malcolm,Ebiowei,0.0,0.0,0.0,a,CRY,0,0,0,0,0,45,0,0,Midfielder,0,4.5,Budget,Differential
3,0,Eberechi,Eze,0.3,3.2,2.8,a,CRY,38,2,2,2,147,60,818,3,Midfielder,4,6.0,Mid,Differential
3,0,Will,Hughes,0.8,1.8,0.0,a,CRY,25,0,0,3,115,49,963,4,Midfielder,0,4.9,Budget,Differential
3,0,Jefferson,Lerma Solís,1.3,2.5,0.1,a,CRY,32,0,1,3,157,47,1126,3,Midfielder,1,4.7,Budget,Differential
3,0,Michael,Olise,3.3,4.4,0.5,a,CRY,31,2,1,0,135,58,495,0,Midfielder,3,5.8,Budget,Differential
3,0,Jairo,Riedewald,0.5,1.8,0.1,a,CRY,7,0,0,0,18,44,174,1,Midfielder,0,4.4,Budget,Differential
3,0,Jeffrey,Schlupp,1.5,2.7,0.1,a,CRY,41,1,1,0,125,49,1068,4,Midfielder,2,4.9,Budget,Differential
3,0,Matheus,França de Oliveira,0.2,1.0,0.0,a,CRY,3,0,0,0,11,49,40,0,Midfielder,0,4.9,Budget,Differential
3,0,Jesurun,Rak-Sakyi,0.0,1.3,0.0,i,CRY,8,0,0,0,21,45,132,1,Midfielder,0,4.5,Budget,Differential
3,0,David,Ozoh,0.3,0.8,0.0,a,CRY,3,0,0,1,8,45,91,0,Midfielder,0,4.5,Budget,Differential
3,0,Jadan,Raymond,0.0,0.0,0.0,a,CRY,0,0,0,0,0,45,0,0,Midfielder,0,4.5,Budget,Differential
3,0,André,Tavares Gomes,1.2,7.0,0.1,a,EVE,7,1,0,1,24,44,66,1,Midfielder,1,4.4,Budget,Differential
3,0,Dele,Alli,0.0,0.0,0.0,i,EVE,0,0,0,0,0,48,0,0,Midfielder,0,4.8,Budget,Differential
3,0,Abdoulaye,Doucouré,3.8,4.5,1.0,d,EVE,76,6,2,4,244,55,1442,5,Midfielder,8,5.5,Budget,Differential
3,0,James,Garner,1.7,2.6,0.1,a,EVE,45,1,1,3,215,49,1426,5,Midfielder,2,4.9,Budget,Differential
3,0,Jean-Philippe,Gbamin,0.0,0.0,0.0,u,EVE,0,0,0,0,0,44,0,0,Midfielder,0,4.4,Budget,Differential
3,0,Demarai,Gray,0.0,0.0,0.1,u,EVE,0,0,0,0,0,53,0,0,Midfielder,0,5.3,Budget,Differential
3,0,Idrissa,Gueye,0.8,1.9,0.0,d,EVE,26,1,0,6,145,48,1013,2,Midfielder,1,4.8,Budget,Differential
3,0,Dwight,McNeil,5.5,3.7,0.5,a,EVE,56,2,3,0,200,54,1202,6,Midfielder,5,5.4,Budget,Differential
3,0,Amadou,Onana,2.2,2.5,0.2,a,EVE,35,1,0,2,166,47,1133,3,Midfielder,1,4.7,Budget,Differential
3,0,Arnaut,Danjuma Groeneveld,0.2,1.8,0.1,a,EVE,18,1,0,0,36,52,410,0,Midfielder,1,5.2,Budget,Differential
3,0,Lewis,Dobbin,1.2,2.2,0.1,a,EVE,13,1,0,0,37,45,167,1,Midfielder,1,4.5,Budget,Differential
3,0,Tyler,Onyango,0.0,1.0,0.0,a,EVE,1,0,0,0,3,45,1,0,Midfielder,0,4.5,Budget,Differential
3,0,Jack,Harrison,2.3,3.8,0.1,a,EVE,45,1,3,0,133,55,947,6,Midfielder,4,5.5,Budget,Differential
3,0,Mackenzie,Hunt,0.0,0.0,0.0,a,EVE,0,0,0,0,0,45,0,0,Midfielder,0,4.5,Budget,Differential
3,0,Jenson,Metcalfe,0.0,0.0,0.0,a,EVE,0,0,0,0,0,45,0,0,Midfielder,0,4.5,Budget,Differential
3,2,Alex,Iwobi,5.3,3.0,1.2,a,FUL,51,3,1,2,212,53,1174,3,Midfielder,4,5.3,Budget,Differential
3,1,Andreas,Hoelgebaum Pereira,4.3,3.4,1.3,a,FUL,64,1,6,3,237,53,1301,6,Midfielder,7,5.3,Budget,Differential
3,2,Tom,Cairney,4.1,2.5,0.1,a,FUL,42,1,4,0,193,49,726,2,Midfielder,5,4.9,Budget,Differential
3,0,Ivan,Neves Abreu Cavaleiro,0.0,0.0,0.0,u,FUL,0,0,0,0,0,50,0,0,Midfielder,0,5.0,Budget,Differential
3,2,Bobby,De Cordova-Reid,1.6,2.5,0.1,a,FUL,43,3,1,2,130,54,758,1,Midfielder,4,5.4,Budget,Differential
3,0,Tyrese,Francois,0.0,0.0,0.0,a,FUL,0,0,0,0,0,44,0,0,Midfielder,0,4.4,Budget,Differential
3,0,Anthony,Knockaert,0.0,0.0,0.0,u,FUL,0,0,0,0,0,44,0,0,Midfielder,0,4.4,Budget,Differential
3,1,Saša,Lukić,0.6,1.4,0.3,a,FUL,15,0,0,1,49,43,384,1,Midfielder,0,4.3,Budget,Differential
3,2,João,Palhinha Gonçalves,2.0,2.9,0.3,a,FUL,46,2,1,8,191,50,1317,4,Midfielder,3,5.0,Budget,Differential
3,0,Harrison,Reed,1.0,1.8,0.4,a,FUL,28,0,1,2,129,46,786,3,Midfielder,1,4.6,Budget,Differential
3,1,Harry,Wilson,4.1,2.7,0.3,a,FUL,51,2,4,2,178,53,1024,3,Midfielder,6,5.3,Budget,Differential
3,0,Willian,Borges da Silva,4.0,4.0,0.9,d,FUL,60,4,2,1,214,53,1000,4,Midfielder,6,5.3,Budget,Differential
3,0,Matthew,Dibley-Dias,0.0,0.0,0.0,d,FUL,0,0,0,0,0,45,0,0,Midfielder,0,4.5,Budget,Differential
3,0,Adama,Traoré,0.0,1.0,0.0,d,FUL,4,0,0,0,9,49,40,0,Midfielder,0,4.9,Budget,Differential
3,0,Luke,Harris,0.0,2.0,0.0,a,FUL,2,0,0,0,2,45,74,0,Midfielder,0,4.5,Budget,Differential
3,0,Stefan,Bajcetic,0.0,0.0,0.0,i,LIV,0,0,0,0,0,47,0,0,Midfielder,0,4.7,Budget,Differential
3,6,Diogo,Teixeira da Silva,1.0,3.8,1.0,a,LIV,50,5,2,1,151,77,638,3,Midfielder,7,7.7,Mid,Differential
3,3,Harvey,Elliott,2.0,1.8,0.2,a,LIV,28,1,2,1,121,48,398,1,Midfielder,3,4.8,Budget,Differential
3,0,Fabio Henrique,Tavares,0.0,0.0,0.0,u,LIV,0,0,0,0,0,50,0,0,Midfielder,0,5.0,Budget,Differential
3,0,Jordan,Henderson,0.0,0.0,0.0,u,LIV,0,0,0,0,0,50,0,0,Midfielder,0,5.0,Budget,Differential
3,1,Curtis,Jones,1.5,1.4,0.1,a,LIV,15,0,1,1,56,49,482,1,Midfielder,1,4.9,Budget,Differential
3,4,Luis,Díaz,2.5,3.1,5.8,a,LIV,55,3,2,1,139,73,1087,4,Midfielder,5,7.3,Mid,Differential
3,0,Alexis,Mac Allister,1.7,2.2,2.7,d,LIV,31,1,1,5,164,58,1086,3,Midfielder,2,5.8,Budget,Differential
3,3,Mohamed,Salah,5.7,7.4,55.2,a,LIV,140,12,7,2,417,133,1650,7,Midfielder,19,13.3,Premium,High
3,1,Dominik,Szoboszlai,3.2,3.7,5.9,a,LIV,71,2,4,1,315,71,1528,7,Midfielder,6,7.1,Mid,Differential
3,0,Thiago,Alcántara do Nascimento,0.0,0.0,0.1,i,LIV,0,0,0,0,0,48,0,0,Midfielder,0,4.8,Budget,Differential
3,0,Bobby,Clark,0.0,0.0,0.0,a,LIV,0,0,0,0,0,44,0,0,Midfielder,0,4.4,Budget,Differential
3,0,Ben,Doak,0.0,1.0,0.0,i,LIV,1,0,0,0,3,44,13,0,Midfielder,0,4.4,Budget,Differential
3,0,James,McConnell,0.0,1.0,0.0,a,LIV,1,0,0,0,3,44,1,0,Midfielder,0,4.4,Budget,Differential
3,3,Wataru,Endo,2.5,1.7,0.1,a,LIV,24,1,0,4,97,54,623,4,Midfielder,1,5.4,Budget,Differential
3,3,Ryan,Gravenberch,1.8,1.6,0.1,a,LIV,22,0,0,0,77,50,595,3,Midfielder,0,5.0,Budget,Differential
3,0,Treymaurice,Nyoni,0.0,0.0,0.0,a,LIV,0,0,0,0,0,45,0,0,Midfielder,0,4.5,Budget,Differential
3,6,Albert,Sambi Lokonga,2.0,2.6,0.0,a,LUT,13,0,1,0,48,49,317,1,Midfielder,1,4.9,Budget,Differential
3,0,Marvelous,Nakamba,0.2,1.6,0.9,d,LUT,21,0,0,5,131,44,1131,0,Midfielder,0,4.4,Budget,Differential
3,0,Luke,Berry,0.0,1.0,0.0,a,LUT,2,0,0,0,6,47,26,0,Midfielder,0,4.7,Budget,Differential
3,0,Allan,Campbell,0.0,0.0,0.0,u,LUT,0,0,0,0,0,49,0,0,Midfielder,0,4.9,Budget,Differential
3,0,Jordan,Clark,0.6,0.8,0.0,d,LUT,4,0,0,1,12,48,79,0,Midfielder,0,4.8,Budget,Differential
3,0,Luke,Freeman,0.0,0.0,0.0,u,LUT,0,0,0,0,0,49,0,0,Midfielder,0,4.9,Budget,Differential
3,0,Carlos,Mendes Gomes,0.0,0.0,0.0,u,LUT,0,0,0,0,0,45,0,0,Midfielder,0,4.5,Budget,Differential
3,0,Fred,Onyedinma,0.0,0.0,0.0,u,LUT,0,0,0,0,0,50,0,0,Midfielder,0,5.0,Budget,Differential
3,0,Dion,Pereira,0.0,0.0,0.0,u,LUT,0,0,0,0,0,44,0,0,Midfielder,0,4.4,Budget,Differential
3,0,Glen,Rea,0.0,0.0,0.0,u,LUT,0,0,0,0,0,44,0,0,Midfielder,0,4.4,Budget,Differential
3,0,Elliot,Thorpe,0.0,0.0,0.0,u,LUT,0,0,0,0,0,45,0,0,Midfielder,0,4.5,Budget,Differential
3,0,Louie,Watson,0.0,0.0,0.1,u,LUT,0,0,0,0,0,44,0,0,Midfielder,0,4.4,Budget,Differential
3,1,Pelly Ruddock,Mpanzu,1.0,1.5,0.0,a,LUT,24,0,0,0,71,47,724,1,Midfielder,0,4.7,Budget,Differential
3,0,Tahith,Chong,0.6,1.6,0.1,a,LUT,22,1,0,3,60,48,679,0,Midfielder,1,4.8,Budget,Differential
3,2,Ross,Barkley,4.0,2.5,0.2,a,LUT,33,1,2,3,159,49,983,1,Midfielder,3,4.9,Budget,Differential
3,2,Andros,Townsend,4.8,3.7,0.3,a,LUT,37,1,3,0,124,50,556,3,Midfielder,4,5.0,Budget,Differential
3,0,Jayden,Luker,0.0,0.0,0.0,a,LUT,0,0,0,0,0,45,0,0,Midfielder,0,4.5,Budget,Differential
3,0,Zack,Nelson,0.0,0.0,0.0,a,LUT,0,0,0,0,0,45,0,0,Midfielder,0,4.5,Budget,Differential
3,0,Bernardo,Veiga de Carvalho e Silva,3.0,4.6,3.3,a,MCI,65,4,3,3,302,64,1178,2,Midfielder,7,6.4,Mid,Differential
3,0,Oscar,Bobb,0.2,2.2,0.1,a,MCI,11,0,2,0,41,44,69,0,Midfielder,2,4.4,Budget,Differential
3,0,Shea,Charles,0.0,0.0,0.0,u,MCI,0,0,0,0,0,45,0,0,Midfielder,0,4.5,Budget,Differential
3,0,Kevin,De Bruyne,0.0,1.0,1.7,d,MCI,1,0,0,0,4,102,22,0,Midfielder,0,10.2,Premium,Differential
3,0,Phil,Foden,3.8,4.5,11.1,a,MCI,76,4,4,1,304,76,1334,5,Midfielder,8,7.6,Mid,Differential
3,0,Jack,Grealish,4.6,3.7,2.0,a,MCI,37,3,1,4,144,72,543,2,Midfielder,4,7.2,Mid,Differential
3,0,Mateo,Kovačić,0.8,1.8,0.4,a,MCI,21,0,0,2,122,47,667,3,Midfielder,0,4.7,Budget,Differential
3,0,Riyad,Mahrez,0.0,0.0,0.0,u,MCI,0,0,0,0,0,75,0,0,Midfielder,0,7.5,Mid,Differential
3,0,Máximo,Perrone,0.0,0.0,0.0,u,MCI,0,0,0,0,0,44,0,0,Midfielder,0,4.4,Budget,Differential
3,0,Kalvin,Phillips,0.0,1.0,0.0,a,MCI,4,0,0,0,14,47,89,0,Midfielder,0,4.7,Budget,Differential
3,0,Rodrigo,Hernandez,0.8,3.6,5.0,d,MCI,51,3,3,6,257,56,1180,4,Midfielder,6,5.6,Budget,Differential
3,0,Matheus Luiz,Nunes,0.4,1.4,0.1,a,MCI,13,0,1,0,58,48,408,1,Midfielder,1,4.8,Budget,Differential
3,0,Jérémy,Doku,0.2,4.5,2.9,d,MCI,49,2,5,2,211,65,693,0,Midfielder,7,6.5,Mid,Differential
3,0,Mahamadou,Susoho,0.0,0.0,0.0,a,MCI,0,0,0,0,0,45,0,0,Midfielder,0,4.5,Budget,Differential
3,0,Mason,Mount,0.0,1.5,0.8,i,MUN,12,0,0,1,51,68,397,1,Midfielder,0,6.8,Mid,Differential
3,0,Amad,Diallo,0.0,0.0,0.0,d,MUN,0,0,0,0,0,44,0,0,Midfielder,0,4.4,Budget,Differential
3,1,Antony Matheus,dos Santos,1.7,1.7,0.6,a,MUN,25,0,0,3,105,68,846,3,Midfielder,0,6.8,Mid,Differential
3,1,Bruno,Borges Fernandes,0.8,3.7,9.9,a,MUN,66,3,3,7,297,82,1620,5,Midfielder,6,8.2,Mid,Differential
3,0,Carlos Henrique,Casimiro,0.0,2.6,2.0,i,MUN,21,1,0,1,94,53,648,2,Midfielder,1,5.3,Budget,Differential
3,2,Christian,Eriksen,0.5,2.5,0.4,a,MUN,32,1,1,0,151,58,698,1,Midfielder,2,5.8,Budget,Differential
3,0,Frederico,Rodrigues de Paula Santos,0.0,0.0,0.0,u,MUN,0,0,0,0,0,50,0,0,Midfielder,0,5.0,Budget,Differential
3,14,Alejandro,Garnacho,4.5,3.0,3.1,a,MUN,51,3,1,2,130,47,972,5,Midfielder,4,4.7,Budget,Differential
3,1,Hannibal,Mejbri,0.3,2.2,0.2,a,MUN,11,1,0,1,34,44,131,1,Midfielder,1,4.4,Budget,Differential
3,2,Kobbie,Mainoo,1.3,2.2,0.2,a,MUN,11,0,0,1,57,44,401,2,Midfielder,0,4.4,Budget,Differential
3,1,Scott,McTominay,4.0,3.9,2.1,a,MUN,63,5,0,0,202,49,1065,5,Midfielder,5,4.9,Budget,Differential
3,0,Facundo,Pellistri Rebollo,0.5,1.4,0.2,a,MUN,13,0,1,0,36,43,164,0,Midfielder,1,4.3,Budget,Differential
3,5,Marcus,Rashford,1.7,2.9,10.5,a,MUN,53,2,3,2,152,84,1229,4,Midfielder,5,8.4,Mid,Differential
3,0,Jadon,Sancho,0.0,1.0,0.4,n,MUN,3,0,0,0,11,67,76,0,Midfielder,0,6.7,Mid,Differential
3,0,Donny,van de Beek,0.0,1.0,0.0,a,MUN,1,0,0,0,3,47,2,0,Midfielder,0,4.7,Budget,Differential
3,0,Omari,Forson,0.0,0.0,0.0,a,MUN,0,0,0,0,0,44,0,0,Midfielder,0,4.4,Budget,Differential
3,1,Daniel,Gore,0.2,1.0,0.0,a,MUN,1,0,0,0,5,45,1,0,Midfielder,0,4.5,Budget,Differential
3,0,Sofyan,Amrabat,1.2,1.4,0.1,d,MUN,14,0,0,3,76,50,610,1,Midfielder,0,5.0,Budget,Differential
3,1,Miguel,Almirón Rejala,3.2,3.1,4.7,a,NEW,59,3,1,1,207,62,1300,5,Midfielder,4,6.2,Mid,Differential
3,0,Elliot,Anderson,0.0,2.1,1.8,i,NEW,19,0,1,0,65,42,407,3,Midfielder,1,4.2,Budget,Differential
3,1,Bruno,Guimarães Rodriguez Moura,2.8,2.8,2.1,a,NEW,51,1,2,6,260,58,1582,7,Midfielder,3,5.8,Budget,Differential
3,0,Ryan,Fraser,0.0,0.0,0.0,u,NEW,0,0,0,0,0,49,0,0,Midfielder,0,4.9,Budget,Differential
3,1,Anthony,Gordon,3.8,5.1,24.3,a,NEW,92,6,6,7,287,62,1486,8,Midfielder,12,6.2,Mid,High
3,0,Isaac,Hayden,0.0,0.0,0.0,u,NEW,0,0,0,0,0,44,0,0,Midfielder,0,4.4,Budget,Differential
3,0,Jeff,Hendrick,0.0,0.0,0.0,u,NEW,0,0,0,0,0,44,0,0,Midfielder,0,4.4,Budget,Differential
3,1,Joelinton Cássio,Apolinário de Lira,2.0,2.7,0.6,a,NEW,40,2,1,4,169,58,1052,3,Midfielder,3,5.8,Budget,Differential
3,0,Garang,Kuol,0.0,0.0,0.0,u,NEW,0,0,0,0,0,45,0,0,Midfielder,0,4.5,Budget,Differential
3,2,Sean,Longstaff,1.3,2.8,0.4,a,NEW,45,2,2,4,186,49,1084,6,Midfielder,4,4.9,Budget,Differential
3,0,Jacob,Murphy,0.0,4.8,0.1,i,NEW,24,1,3,0,85,48,119,1,Midfielder,4,4.8,Budget,Differential
3,0,Matt,Ritchie,0.7,0.9,0.2,a,NEW,6,0,0,1,16,44,103,0,Midfielder,0,4.4,Budget,Differential
3,0,Allan,Saint-Maximin,0.0,0.0,0.0,u,NEW,0,0,0,0,0,60,0,0,Midfielder,0,6.0,Mid,Differential
3,0,Sandro,Tonali,0.0,2.0,1.2,s,NEW,16,1,0,2,86,52,437,1,Midfielder,1,5.2,Budget,Differential
3,0,Joe,Willock,0.0,1.3,0.1,i,NEW,4,0,0,0,23,53,136,0,Midfielder,0,5.3,Budget,Differential
3,0,Harvey,Barnes,0.0,2.8,1.0,i,NEW,17,1,1,1,48,62,183,1,Midfielder,2,6.2,Mid,Differential
3,2,Lewis,Miley,2.7,3.0,0.2,a,NEW,24,1,1,0,129,45,605,1,Midfielder,2,4.5,Budget,Differential
3,0,Amadou,Diallo,0.0,1.0,0.0,a,NEW,1,0,0,0,3,45,1,0,Midfielder,0,4.5,Budget,Differential
3,0,Andrey,Nascimento dos Santos,0.0,1.0,0.1,a,NFO,1,0,0,0,1,43,7,0,Midfielder,0,4.3,Budget,Differential
3,2,Callum,Hudson-Odoi,1.0,2.5,0.1,a,NFO,25,1,1,0,76,47,468,1,Midfielder,2,4.7,Budget,Differential
3,10,Anthony,Elanga,4.2,3.7,1.5,a,NFO,71,4,5,1,230,50,1272,1,Midfielder,9,5.0,Budget,Differential
3,0,Brandon,Aguilera Zamora,0.0,0.0,0.0,u,NFO,0,0,0,0,0,45,0,0,Midfielder,0,4.5,Budget,Differential
3,0,Harry,Arter,0.0,0.0,0.2,a,NFO,0,0,0,0,0,43,0,0,Midfielder,0,4.3,Budget,Differential
3,0,Josh,Bowler,0.0,0.0,0.0,u,NFO,0,0,0,0,0,45,0,0,Midfielder,0,4.5,Budget,Differential
3,2,Danilo,dos Santos de Oliveira,1.0,1.3,0.1,a,NFO,16,0,0,1,53,53,571,0,Midfielder,0,5.3,Budget,Differential
3,0,Remo,Freuler,0.0,0.0,0.0,u,NFO,0,0,0,0,0,49,0,0,Midfielder,0,4.9,Budget,Differential
3,2,Morgan,Gibbs-White,2.3,3.1,1.4,a,NFO,59,1,5,3,251,57,1596,3,Midfielder,6,5.7,Budget,Differential
3,1,Cheikhou,Kouyaté,0.7,1.0,0.0,a,NFO,10,0,0,2,30,48,201,0,Midfielder,0,4.8,Budget,Differential
3,0,Orel,Mangala,1.5,2.2,0.0,a,NFO,37,1,0,4,178,50,1399,3,Midfielder,1,5.0,Budget,Differential
3,0,Alex,Mighten,0.0,0.0,0.0,u,NFO,0,0,0,0,0,44,0,0,Midfielder,0,4.4,Budget,Differential
3,0,Lewis,O'Brien,0.0,0.0,0.0,u,NFO,0,0,0,0,0,49,0,0,Midfielder,0,4.9,Budget,Differential
3,0,Braian,Ojeda Rodríguez,0.0,0.0,0.0,u,NFO,0,0,0,0,0,45,0,0,Midfielder,0,4.5,Budget,Differential
3,0,Gustavo Henrique,Furtado Scarpa,0.0,0.0,0.0,u,NFO,0,0,0,0,0,45,0,0,Midfielder,0,4.5,Budget,Differential
3,0,Jonjo,Shelvey,0.0,0.0,0.0,u,NFO,0,0,0,0,0,48,0,0,Midfielder,0,4.8,Budget,Differential
3,1,Ryan,Yates,1.7,1.4,0.0,a,NFO,22,0,0,3,77,48,806,1,Midfielder,0,4.8,Budget,Differential
3,1,Nicolás,Domínguez,0.3,2.7,0.0,a,NFO,27,1,0,1,97,50,659,3,Midfielder,1,5.0,Budget,Differential
3,1,Ibrahim,Sangaré,0.8,1.7,0.0,s,NFO,19,0,0,5,66,49,820,4,Midfielder,0,4.9,Budget,Differential
3,5,James,McAtee,3.0,2.6,1.0,n,SHU,41,1,3,2,130,44,1002,2,Midfielder,4,4.4,Budget,Differential
3,0,Ismaila,Coulibaly,0.0,0.0,0.0,a,SHU,0,0,0,0,0,44,0,0,Midfielder,0,4.4,Budget,Differential
3,0,John,Fleck,0.2,0.8,0.0,a,SHU,3,0,0,1,13,49,89,0,Midfielder,0,4.9,Budget,Differential
3,0,Oliver,Norwood,0.8,1.9,0.0,a,SHU,32,1,0,6,183,48,1181,0,Midfielder,1,4.8,Budget,Differential
3,0,Ben,Osborn,0.0,1.0,0.0,a,SHU,8,0,0,2,32,48,298,0,Midfielder,0,4.8,Budget,Differential
3,-1,Anis,Slimane,0.7,0.8,0.0,a,SHU,7,0,0,2,9,47,248,1,Midfielder,0,4.7,Budget,Differential
3,2,Vini,de Souza Costa,1.8,1.8,0.0,a,SHU,32,0,0,2,169,50,1413,1,Midfielder,0,5.0,Budget,Differential
3,1,Andre,Brooks,1.3,1.4,0.0,a,SHU,10,0,0,0,36,44,323,1,Midfielder,0,4.4,Budget,Differential
3,1,Gustavo,Hamer,2.7,2.8,0.2,s,SHU,51,2,2,5,215,50,1434,2,Midfielder,4,5.0,Budget,Differential
3,0,Tom,Davies,0.0,0.7,0.0,i,SHU,2,0,0,1,-2,50,57,0,Midfielder,0,5.0,Budget,Differential
3,0,Ryan,Oné,0.0,1.0,0.0,a,SHU,1,0,0,0,3,45,7,0,Midfielder,0,4.5,Budget,Differential
3,0,Sydie,Peck,0.2,1.0,0.0,a,SHU,1,0,0,0,3,45,9,0,Midfielder,0,4.5,Budget,Differential
3,0,Brennan,Johnson,3.3,3.0,0.7,a,TOT,45,1,4,1,137,58,921,2,Midfielder,5,5.8,Budget,Differential
3,0,Rodrigo,Bentancur,0.0,0.8,0.0,i,TOT,3,0,0,1,7,54,88,0,Midfielder,0,5.4,Budget,Differential
3,0,Yves,Bissouma,1.2,1.6,0.4,s,TOT,24,0,0,5,167,50,1211,6,Midfielder,0,5.0,Budget,Differential
3,0,Bryan,Gil Salvatierra,0.5,1.2,0.0,a,TOT,7,0,0,0,30,49,141,0,Midfielder,0,4.9,Budget,Differential
3,0,Pierre-Emile,Højbjerg,1.0,1.1,0.3,a,TOT,18,0,0,3,101,52,607,1,Midfielder,0,5.2,Budget,Differential
3,0,Dejan,Kulusevski,5.0,4.3,5.1,a,TOT,78,5,2,4,274,72,1581,6,Midfielder,7,7.2,Mid,Differential
3,0,Giovani,Lo Celso,1.8,3.0,0.1,a,TOT,24,2,0,0,99,48,302,0,Midfielder,2,4.8,Budget,Differential
3,0,James,Maddison,0.0,5.7,8.1,i,TOT,63,3,6,2,230,78,882,5,Midfielder,9,7.8,Mid,Differential
3,0,Tanguy,Ndombélé Alvaro,0.0,0.0,0.2,u,TOT,0,0,0,0,0,44,0,0,Midfielder,0,4.4,Budget,Differential
3,0,Richarlison,de Andrade,5.7,4.3,5.3,a,TOT,64,5,3,2,146,68,766,6,Midfielder,8,6.8,Mid,Differential
3,0,Pape Matar,Sarr,1.5,2.8,2.2,a,TOT,45,1,2,4,211,45,1069,7,Midfielder,3,4.5,Budget,Differential
3,0,Oliver,Skipp,1.0,1.1,0.1,a,TOT,14,0,0,1,67,46,378,0,Midfielder,0,4.6,Budget,Differential
3,0,Son,Heung-min,6.3,6.8,44.5,a,TOT,122,11,4,1,393,99,1510,6,Midfielder,15,9.9,Premium,High
3,0,Manor,Solomon,0.0,2.8,0.1,i,TOT,14,0,2,1,53,51,196,0,Midfielder,2,5.1,Budget,Differential
3,0,Yago,de Santiago Alonso,0.0,0.0,0.0,a,TOT,0,0,0,0,0,45,0,0,Midfielder,0,4.5,Budget,Differential
3,0,Saïd,Benrahma,0.2,1.6,0.4,a,WHU,18,0,1,1,52,56,482,1,Midfielder,1,5.6,Budget,Differential
3,0,Jarrod,Bowen,4.5,6.0,23.6,a,WHU,102,11,1,1,290,79,1527,3,Midfielder,12,7.9,Mid,High
3,0,Maxwel,Cornet,0.0,1.0,0.0,d,WHU,1,0,0,0,2,52,1,0,Midfielder,0,5.2,Budget,Differential
3,0,Conor,Coventry,0.0,0.0,0.1,a,WHU,0,0,0,0,0,44,0,0,Midfielder,0,4.4,Budget,Differential
3,0,Flynn,Downes,0.0,0.0,0.0,u,WHU,0,0,0,0,0,50,0,0,Midfielder,0,5.0,Budget,Differential
3,0,Pablo,Fornals Malla,0.8,1.1,0.1,a,WHU,14,0,0,0,51,46,238,0,Midfielder,0,4.6,Budget,Differential
3,0,Lucas,Tolentino Coelho de Lima,4.2,3.6,2.2,a,WHU,62,2,5,6,261,60,1485,4,Midfielder,7,6.0,Mid,Differential
3,0,Tomáš,Souček,2.0,3.5,1.5,a,WHU,60,4,1,2,203,49,1345,3,Midfielder,5,4.9,Budget,Differential
3,0,Nikola,Vlašić,0.0,0.0,0.0,u,WHU,0,0,0,0,0,45,0,0,Midfielder,0,4.5,Budget,Differential
3,0,Edson,Álvarez Velázquez,1.5,1.9,0.1,a,WHU,28,0,1,7,154,50,1157,3,Midfielder,1,5.0,Budget,Differential
3,0,James,Ward-Prowse,2.8,4.3,8.3,a,WHU,73,3,5,3,360,60,1502,3,Midfielder,8,6.0,Mid,Differential
3,0,Mohammed,Kudus,6.3,4.9,7.2,a,WHU,73,6,3,3,241,68,871,2,Midfielder,9,6.8,Mid,Differential
3,0,Tommy,Doyle,0.7,1.2,0.1,a,WOL,12,0,0,1,62,44,289,1,Midfielder,0,4.4,Budget,Differential
3,0,Francisco Jorge,Tomás Oliveira,0.0,0.0,0.0,u,WOL,0,0,0,0,0,45,0,0,Midfielder,0,4.5,Budget,Differential
3,0,Luke,Cundle,0.0,0.0,0.0,u,WOL,0,0,0,0,0,45,0,0,Midfielder,0,4.5,Budget,Differential
3,0,Gonçalo Manuel,Ganchinho Guedes,0.0,0.0,0.0,u,WOL,0,0,0,0,0,54,0,0,Midfielder,0,5.4,Budget,Differential
3,0,Joe,Hodge,0.0,0.0,0.1,d,WOL,0,0,0,0,0,44,0,0,Midfielder,0,4.4,Budget,Differential
3,0,Hwang,Hee-chan,3.4,4.4,10.5,a,WOL,80,8,2,4,230,57,1311,1,Midfielder,10,5.7,Budget,Differential
3,0,João Victor,Gomes da Silva,1.4,1.8,0.1,a,WOL,29,0,1,5,157,49,1209,2,Midfielder,1,4.9,Budget,Differential
3,0,Bruno,Cavaco Jordão,0.0,0.0,0.2,a,WOL,0,0,0,0,0,43,0,0,Midfielder,0,4.3,Budget,Differential
3,0,Mario,Lemina,2.3,2.9,0.1,a,WOL,47,3,0,7,240,49,1381,2,Midfielder,3,4.9,Budget,Differential
3,0,Pedro,Lomba Neto,0.0,5.2,1.3,d,WOL,52,1,8,3,206,56,886,1,Midfielder,9,5.6,Budget,Differential
3,0,Daniel,Castelo Podence,0.0,0.0,0.0,u,WOL,0,0,0,0,0,53,0,0,Midfielder,0,5.3,Budget,Differential
3,0,Pablo,Sarabia,2.7,3.5,0.3,a,WOL,39,1,4,1,141,47,527,3,Midfielder,5,4.7,Budget,Differential
3,0,Boubacar,Traoré,0.6,1.1,0.4,d,WOL,12,0,0,1,57,43,376,0,Midfielder,0,4.3,Budget,Differential
3,0,Enso,González,0.0,0.0,0.0,a,WOL,0,0,0,0,0,50,0,0,Midfielder,0,5.0,Budget,Differential
3,0,Jean-Ricner,Bellegarde,1.6,2.2,0.0,d,WOL,20,1,1,0,76,49,460,0,Midfielder,2,4.9,Budget,Differential
3,0,Matthew,Whittingham,0.0,0.0,0.0,a,WOL,0,0,0,0,0,45,0,0,Midfielder,0,4.5,Budget,Differential
3,0,Tawanda,Chirewa,0.0,0.0,0.0,a,WOL,0,0,0,0,0,45,0,0,Midfielder,0,4.5,Budget,Differential
3,0,Owen,Hesketh,0.0,0.0,0.0,a,WOL,0,0,0,0,0,45,0,0,Midfielder,0,4.5,Budget,Differential
3,0,Ty,Barnett,0.0,0.0,0.0,a,WOL,0,0,0,0,0,45,0,0,Midfielder,0,4.5,Budget,Differential
4,0,Folarin,Balogun,0.0,0.0,0.2,u,ARS,0,0,0,0,0,44,0,0,Forward,0,4.4,Budget,Differential
4,0,Gabriel,Fernando de Jesus,4.3,3.5,5.6,a,ARS,46,3,2,3,144,80,821,5,Forward,5,8.0,Mid,Differential
4,0,Eddie,Nketiah,1.0,3.4,5.0,a,ARS,57,5,3,3,175,53,842,6,Forward,8,5.3,Budget,Differential
4,0,Keinan,Davis,0.0,0.0,0.1,u,AVL,0,0,0,0,0,49,0,0,Forward,0,4.9,Budget,Differential
4,1,Jhon,Durán,0.5,1.6,0.2,a,AVL,19,2,0,4,64,50,140,0,Forward,2,5.0,Budget,Differential
4,2,Ollie,Watkins,4.5,5.9,51.5,a,AVL,112,9,9,3,378,88,1669,4,Forward,18,8.8,Mid,High
4,0,Wesley,Moraes Ferreira da Silva,0.0,0.0,0.0,u,AVL,0,0,0,0,0,50,0,0,Forward,0,5.0,Budget,Differential
4,0,Kieffer,Moore,1.6,1.9,0.2,a,BOU,13,1,0,0,39,47,93,0,Forward,1,4.7,Budget,Differential
4,5,Antoine,Semenyo,2.8,3.1,3.6,a,BOU,46,3,3,3,152,46,814,4,Forward,6,4.6,Budget,Differential
4,6,Dominic,Solanke,7.6,5.3,26.0,a,BOU,96,12,1,1,317,70,1605,5,Forward,13,7.0,Mid,High
4,0,Halil,Dervişoğlu,0.0,0.0,0.0,u,BRE,0,0,0,0,0,45,0,0,Forward,0,4.5,Budget,Differential
4,0,Ivan,Toney,0.0,0.0,0.1,s,BRE,0,0,0,0,0,79,0,0,Forward,0,7.9,Mid,Differential
4,0,Yoane,Wissa,1.2,3.3,6.5,a,BRE,56,3,2,2,169,58,1368,6,Forward,5,5.8,Budget,Differential
4,0,Neal,Maupay,2.4,2.5,1.2,a,BRE,35,2,2,3,107,49,682,2,Forward,4,4.9,Budget,Differential
4,0,Aaron,Connolly,0.0,0.0,0.0,u,BHA,0,0,0,0,0,45,0,0,Forward,0,4.5,Budget,Differential
4,0,Evan,Ferguson,1.0,3.2,6.2,a,BHA,52,6,0,1,185,59,913,1,Forward,6,5.9,Budget,Differential
4,0,João Pedro,Junqueira de Jesus,1.8,2.9,9.8,a,BHA,53,5,1,2,190,54,958,1,Forward,6,5.4,Budget,Differential
4,0,Deniz,Undav,0.0,0.0,0.0,u,BHA,0,0,0,0,0,55,0,0,Forward,0,5.5,Budget,Differential
4,0,Danny,Welbeck,1.5,2.4,0.6,a,BHA,24,2,0,1,77,57,463,2,Forward,2,5.7,Budget,Differential
4,0,Andi,Zeqiri,0.0,0.0,0.5,u,BHA,0,0,0,0,0,44,0,0,Forward,0,4.4,Budget,Differential
4,0,Mark,O’Mahony,0.0,0.0,0.0,a,BHA,0,0,0,0,0,45,0,0,Forward,0,4.5,Budget,Differential
4,2,Lyle,Foster,1.3,4.1,0.6,a,BUR,41,3,3,0,128,48,802,2,Forward,6,4.8,Budget,Differential
4,0,Michael,Obafemi,0.2,1.0,0.0,a,BUR,2,0,0,0,4,49,19,0,Forward,0,4.9,Budget,Differential
4,0,Jay,Rodriguez,2.5,2.5,0.3,a,BUR,33,2,1,0,98,53,695,1,Forward,3,5.3,Budget,Differential
4,0,Wout,Weghorst,0.0,0.0,0.0,u,BUR,0,0,0,0,0,55,0,0,Forward,0,5.5,Budget,Differential
4,2,Zeki,Amdouni,3.5,2.6,0.2,a,BUR,47,2,1,1,134,53,1312,4,Forward,3,5.3,Budget,Differential
4,0,Pierre-Emerick,Aubameyang,0.0,0.0,0.0,u,CHE,0,0,0,0,0,65,0,0,Forward,0,6.5,Mid,Differential
4,0,Armando,Broja,1.0,1.9,0.2,a,CHE,19,1,1,0,45,49,303,1,Forward,2,4.9,Budget,Differential
4,0,David Datro,Fofana,0.0,0.0,0.0,u,CHE,0,0,0,0,0,50,0,0,Forward,0,5.0,Budget,Differential
4,0,Romelu,Lukaku Bolingoli,0.0,0.0,0.3,u,CHE,0,0,0,0,0,68,0,0,Forward,0,6.8,Mid,Differential
4,0,Nicolas,Jackson,2.5,3.5,6.5,a,CHE,59,7,1,8,197,69,1269,4,Forward,8,6.9,Mid,Differential
4,0,Christopher,Nkunku,1.2,7.0,3.2,a,CHE,7,1,0,0,27,74,32,0,Forward,1,7.4,Mid,Differential
4,0,Mason,Burstow,0.0,1.0,0.1,u,CHE,2,0,0,0,6,45,8,0,Forward,0,4.5,Budget,Differential
4,0,Deivid Washington,de Souza Eugênio,0.0,1.0,0.1,a,CHE,1,0,0,0,3,45,9,0,Forward,0,4.5,Budget,Differential
4,0,Ronnie,Stutter,0.0,0.0,0.0,a,CHE,0,0,0,0,0,45,0,0,Forward,0,4.5,Budget,Differential
4,0,Odsonne,Edouard,1.8,3.9,2.0,d,CRY,59,6,0,3,197,54,1243,4,Forward,6,5.4,Budget,Differential
4,0,Jean-Philippe,Mateta,3.7,2.9,1.1,a,CRY,44,2,4,2,135,49,623,2,Forward,6,4.9,Budget,Differential
4,0,Luke,Plange,0.0,0.0,0.0,u,CRY,0,0,0,0,0,45,0,0,Forward,0,4.5,Budget,Differential
4,0,John-Kymani,Gordon,0.0,0.0,0.0,u,CRY,0,0,0,0,0,45,0,0,Forward,0,4.5,Budget,Differential
4,0,Ademola,Ola-Adebomi,0.0,0.0,0.0,a,CRY,0,0,0,0,0,45,0,0,Forward,0,4.5,Budget,Differential
4,0,Dominic,Calvert-Lewin,1.7,3.0,1.2,a,EVE,42,3,1,1,97,58,975,6,Forward,4,5.8,Budget,Differential
4,0,Ellis,Simms,0.0,0.0,0.0,u,EVE,0,0,0,0,0,45,0,0,Forward,0,4.5,Budget,Differential
4,0,Youssef,Ramalho Chermiti,0.2,0.9,0.1,a,EVE,6,0,0,1,13,48,46,0,Forward,0,4.8,Budget,Differential
4,0,Thomas,Cannon,0.0,1.0,0.0,u,EVE,1,0,0,0,3,45,1,0,Forward,0,4.5,Budget,Differential
4,0,Norberto Bercique,Gomes Betuncal,1.5,1.5,0.1,a,EVE,20,1,0,1,44,57,425,2,Forward,1,5.7,Budget,Differential
4,0,Aleksandar,Mitrović,0.0,1.0,0.7,u,FUL,1,0,0,0,6,74,32,0,Forward,0,7.4,Mid,Differential
4,2,Rodrigo,Muniz Carvalho,0.7,1.2,0.5,a,FUL,10,0,0,1,13,44,314,1,Forward,0,4.4,Budget,Differential
4,1,Carlos Vinícius,Alves Morais,1.3,1.7,1.5,a,FUL,22,2,0,2,77,47,306,0,Forward,2,4.7,Budget,Differential
4,0,Raúl,Jiménez,3.4,2.8,1.5,a,FUL,45,4,0,2,154,52,1014,4,Forward,4,5.2,Budget,Differential
4,0,Jay,Stansfield,0.0,0.0,0.0,u,FUL,0,0,0,0,0,45,0,0,Forward,0,4.5,Budget,Differential
4,8,Darwin,Núñez Ribeiro,2.8,4.0,13.7,a,LIV,72,5,7,4,209,75,1048,5,Forward,12,7.5,Mid,Differential
4,5,Cody,Gakpo,2.0,2.2,2.2,a,LIV,37,2,1,0,117,72,779,3,Forward,3,7.2,Mid,Differential
4,2,Elijah,Adebayo,3.6,2.4,1.1,a,LUT,44,4,0,1,131,48,722,1,Forward,4,4.8,Budget,Differential
4,0,John,McAtee,0.0,0.0,0.5,u,LUT,0,0,0,0,0,45,0,0,Forward,0,4.5,Budget,Differential
4,7,Carlton,Morris,2.4,3.4,2.3,a,LUT,62,3,4,1,164,51,1219,2,Forward,7,5.1,Budget,Differential
4,0,Admiral,Muskwe,0.0,0.0,0.1,u,LUT,0,0,0,0,0,45,0,0,Forward,0,4.5,Budget,Differential
4,1,Chiedozie,Ogbene,0.8,2.1,0.2,a,LUT,35,1,1,0,154,49,963,1,Forward,2,4.9,Budget,Differential
4,0,Aribim,Pepple,0.0,0.0,0.1,u,LUT,0,0,0,0,0,45,0,0,Forward,0,4.5,Budget,Differential
4,0,Joe,Taylor,0.0,0.0,0.1,u,LUT,0,0,0,0,0,45,0,0,Forward,0,4.5,Budget,Differential
4,0,Cauley,Woodrow,0.0,1.0,0.7,a,LUT,7,0,0,0,29,44,74,0,Forward,0,4.4,Budget,Differential
4,2,Jacob,Brown,2.6,2.2,0.2,a,LUT,38,2,1,3,110,49,957,1,Forward,3,4.9,Budget,Differential
4,0,Julián,Álvarez,2.8,4.8,28.2,a,MCI,82,4,8,2,333,68,1409,6,Forward,12,6.8,Mid,High
4,0,Erling,Haaland,1.8,7.5,59.8,d,MCI,112,14,5,1,417,139,1294,4,Forward,19,13.9,Premium,High
4,0,Anthony,Martial,0.5,1.9,0.3,d,MUN,25,1,1,0,73,64,439,1,Forward,2,6.4,Mid,Differential
4,0,Shola,Shoretire,0.0,0.0,0.2,a,MUN,0,0,0,0,0,44,0,0,Forward,0,4.4,Budget,Differential
4,7,Rasmus,Højlund,2.2,2.0,2.8,a,MUN,30,1,0,1,63,68,1026,4,Forward,1,6.8,Mid,Differential
4,0,Joe,Hugill,0.0,0.0,0.0,a,MUN,0,0,0,0,0,45,0,0,Forward,0,4.5,Budget,Differential
4,7,Alexander,Isak,2.3,4.7,14.9,a,NEW,66,8,0,0,247,76,956,3,Forward,8,7.6,Mid,Differential
4,1,Callum,Wilson,1.5,3.9,5.1,a,NEW,55,7,1,1,187,79,720,5,Forward,8,7.9,Mid,Differential
4,0,Ben,Parkinson,0.0,1.0,0.0,a,NEW,1,0,0,0,2,45,24,0,Forward,0,4.5,Budget,Differential
4,0,Michael,Ndiweni,0.0,1.0,0.0,a,NEW,1,0,0,0,3,45,1,0,Forward,0,4.5,Budget,Differential
4,0,Taiwo,Awoniyi,0.0,4.2,1.3,i,NFO,42,4,2,1,150,63,664,2,Forward,6,6.3,Mid,Differential
4,0,Emmanuel,Dennis,0.0,0.0,0.1,u,NFO,0,0,0,0,0,48,0,0,Forward,0,4.8,Budget,Differential
4,0,Sam,Surridge,0.0,0.0,0.1,u,NFO,0,0,0,0,0,45,0,0,Forward,0,4.5,Budget,Differential
4,0,Hwang,Ui-jo,0.0,0.0,0.3,u,NFO,0,0,0,0,0,44,0,0,Forward,0,4.4,Budget,Differential
4,17,Chris,Wood,5.5,3.8,1.0,a,NFO,64,7,1,0,254,49,638,1,Forward,8,4.9,Budget,Differential
4,0,Divock,Origi,0.5,0.9,0.1,a,NFO,8,0,0,1,21,50,176,0,Forward,0,5.0,Budget,Differential
4,5,Cameron,Archer,3.3,3.2,9.1,a,SHU,55,3,2,2,164,46,1295,2,Forward,5,4.6,Budget,Differential
4,1,Rhian,Brewster,0.2,1.0,0.0,a,SHU,6,0,0,0,13,49,167,0,Forward,0,4.9,Budget,Differential
4,0,Daniel,Jebbison,0.0,0.0,0.0,i,SHU,0,0,0,0,0,48,0,0,Forward,0,4.8,Budget,Differential
4,9,Oliver,McBurnie,1.7,2.6,0.0,a,SHU,29,3,1,1,91,54,677,0,Forward,4,5.4,Budget,Differential
4,0,Iliman,Ndiaye,0.0,0.0,0.0,u,SHU,0,0,0,0,0,55,0,0,Forward,0,5.5,Budget,Differential
4,1,William,Osula,0.7,1.0,1.7,a,SHU,10,0,0,4,2,43,450,0,Forward,0,4.3,Budget,Differential
4,0,Bénie,Traoré,0.3,1.4,0.0,a,SHU,11,0,0,0,14,52,383,0,Forward,0,5.2,Budget,Differential
4,0,Louie,Marsh,0.0,0.0,0.0,u,SHU,0,0,0,0,0,45,0,0,Forward,0,4.5,Budget,Differential
4,0,Antwoine,Hackford,0.0,1.0,0.1,a,SHU,2,0,0,0,5,44,11,0,Forward,0,4.4,Budget,Differential
4,0,Harry,Kane,0.0,0.0,0.6,u,TOT,0,0,0,0,0,125,0,0,Forward,0,12.5,Premium,Differential
4,0,Dane,Scarlett,0.0,0.0,0.1,u,TOT,0,0,0,0,0,45,0,0,Forward,0,4.5,Budget,Differential
4,0,Alejo,Véliz,0.3,0.8,0.1,a,TOT,5,0,0,1,10,54,17,0,Forward,0,5.4,Budget,Differential
4,0,Jamie,Donley,0.3,1.0,0.0,a,TOT,2,0,0,0,5,45,2,0,Forward,0,4.5,Budget,Differential
4,0,Michail,Antonio,0.0,3.2,1.8,d,WHU,38,2,2,2,116,57,812,4,Forward,4,5.7,Budget,Differential
4,0,Danny,Ings,0.2,1.0,0.7,a,WHU,10,0,0,1,28,56,132,0,Forward,0,5.6,Budget,Differential
4,0,Divin,Mubama,0.3,1.0,5.8,a,WHU,3,0,0,0,9,43,57,0,Forward,0,4.3,Budget,Differential
4,0,Gianluca,Scamacca,0.0,0.0,0.0,u,WHU,0,0,0,0,0,60,0,0,Forward,0,6.0,Mid,Differential
4,0,Fábio,Silva,0.0,1.0,0.2,d,WOL,8,0,0,2,7,53,259,1,Forward,0,5.3,Budget,Differential
4,0,Sasa,Kalajdzic,0.4,2.2,0.2,a,WOL,24,2,0,0,88,49,158,1,Forward,2,4.9,Budget,Differential
4,0,Matheus,Santos Carneiro Da Cunha,4.1,3.8,6.4,a,WOL,68,5,3,3,246,58,1504,3,Forward,8,5.8,Budget,Differential
4,0,Nathan,Fraser,0.0,0.0,0.1,a,WOL,0,0,0,0,0,45,0,0,Forward,0,4.5,Budget,Differential
